Page URL,Hreflang Link URL,Error Type,HTTP Code,Occurrences,Discovered At,Title
https://brightai.site/frontend/pages/try/text-analysis/,https://brightai.site/try/text-analysis,9,301,5,2026-03-07T23:17:12.501Z,التحليل النصي الذكي | Bright AI
https://brightai.site/frontend/pages/try/data-quality/,https://brightai.site/try/data-quality,9,301,4,2026-03-07T23:17:12.501Z,مراقبة جودة البيانات والمنتجات | Bright AI Enterprise
https://brightai.site/frontend/pages/try/data-analyzer/,https://brightai.site/try/data-analyzer,9,301,5,2026-03-07T23:17:12.501Z,محلل البيانات الذكي | Bright AI - تحليل CSV و Excel
https://brightai.site/frontend/pages/try/,/frontend/pages/try/,10,,0,2026-03-08T01:07:05.713Z,نماذج الذكاء الاصطناعي | Bright AI - جرب أدواتنا مجاناً
https://brightai.site/frontend/pages/smart-medical-archive/,/frontend/pages/smart-medical-archive/,10,,0,2026-03-08T01:07:05.713Z,نظام الأرشيف الطبي الذكي للمستشفيات في السعودية | تجربة
https://brightai.site/frontend/pages/sectors/manufacturing.html,/frontend/pages/sectors/manufacturing.html,10,,0,2026-03-08T01:07:05.713Z,الذكاء الاصطناعي للصناعة السعودية | Bright AI
https://brightai.site/frontend/pages/sectors/logistics.html,/frontend/pages/sectors/logistics.html,10,,0,2026-03-08T01:07:05.713Z,الذكاء الاصطناعي للوجستيات في السعودية | Bright AI
https://brightai.site/frontend/pages/sectors/healthcare.html,/frontend/pages/sectors/healthcare.html,10,,0,2026-03-08T01:07:05.713Z,الذكاء الاصطناعي للرعاية الصحية في السعودية | Bright AI
https://brightai.site/frontend/pages/sectors/finance.html,/frontend/pages/sectors/finance.html,10,,0,2026-03-08T01:07:05.713Z,الذكاء الاصطناعي للقطاع المالي السعودي | Bright AI
https://brightai.site/frontend/pages/sectors/energy.html,/frontend/pages/sectors/energy.html,10,,0,2026-03-08T01:07:05.713Z,الذكاء الاصطناعي لقطاع الطاقة السعودي | Bright AI
https://brightai.site/frontend/pages/sectors/ecommerce.html,/frontend/pages/sectors/ecommerce.html,10,,0,2026-03-08T01:07:05.713Z,الذكاء الاصطناعي للتجارة الإلكترونية السعودية | Bright AI
https://brightai.site/frontend/pages/privacy-cookies/,/frontend/pages/privacy-cookies/,10,,0,2026-03-08T01:07:05.713Z,Bright AI | سياسة ملفات تعريف الارتباط
https://brightai.site/frontend/pages/interview/,https://brightai.site/interview,9,301,4,2026-03-07T23:17:12.501Z,منصة المقابلات الذكية | Bright AI
https://brightai.site/frontend/pages/demo/resources/report-ai-saudi-2026/,https://brightai.site/demo/resources/report-ai-saudi-2026,9,301,4,2026-03-07T23:17:12.501Z,تقرير الذكاء الاصطناعي السعودي 2026 | تحميل لصناع القرار
https://brightai.site/frontend/pages/demo/pricing/,/frontend/pages/demo/pricing/,10,,0,2026-03-08T01:07:05.713Z,أسعار Bright AI | باقات مرنة للشركات السعودية
https://brightai.site/frontend/pages/demo/ocr-demo/,https://brightai.site/demo/ocr-demo,9,301,4,2026-03-07T23:17:12.501Z,OCR عربي فوري للشركات السعودية | استخراج JSON دقيق
https://brightai.site/frontend/pages/blogger/مقال-تحليل.html,/frontend/pages/blogger/%D9%85%D9%82%D8%A7%D9%84-%D8%AA%D8%AD%D9%84%D9%8A%D9%84.html,10,,0,2026-03-08T01:07:05.713Z,كيف تغيّر الذكاء الاصطناعي مستقبل تحليل البيانات: الأدوات
https://brightai.site/frontend/pages/blogger/تعلم-الآلة-و-الأعمال.html,/frontend/pages/blogger/%D8%AA%D8%B9%D9%84%D9%85-%D8%A7%D9%84%D8%A2%D9%84%D8%A9-%D9%88-%D8%A7%D9%84%D8%A3%D8%B9%D9%85%D8%A7%D9%84.html,10,,0,2026-03-08T01:07:05.713Z,تعلم الآلة للأعمال في السعودية | Bright AI
https://brightai.site/frontend/pages/blogger/تحليل-البيانات.html,/frontend/pages/blogger/%D8%AA%D8%AD%D9%84%D9%8A%D9%84-%D8%A7%D9%84%D8%A8%D9%8A%D8%A7%D9%86%D8%A7%D8%AA.html,10,,0,2026-03-08T01:07:05.713Z,تحليل البيانات لاتخاذ القرار | Bright AI السعودية
https://brightai.site/frontend/pages/blogger/الذكاء-الاصطناعي-و-التسويق.html,/frontend/pages/blogger/%D8%A7%D9%84%D8%B0%D9%83%D8%A7%D8%A1-%D8%A7%D9%84%D8%A7%D8%B5%D8%B7%D9%86%D8%A7%D8%B9%D9%8A-%D9%88-%D8%A7%D9%84%D8%AA%D8%B3%D9%88%D9%8A%D9%82.html,10,,0,2026-03-08T01:07:05.713Z,الذكاء الاصطناعي في التسويق | Bright AI السعودية
https://brightai.site/frontend/pages/blogger/التعلم-الآلي-والرؤية-الحاسوبية-مستقبل-الذكاء-الاصطناعي-في-معالجة-اللغة-الطبيعية-والتعرف-على-الصور.html,/frontend/pages/blogger/%D8%A7%D9%84%D8%AA%D8%B9%D9%84%D9%85-%D8%A7%D9%84%D8%A2%D9%84%D9%8A-%D9%88%D8%A7%D9%84%D8%B1%D8%A4%D9%8A%D8%A9-%D8%A7%D9%84%D8%AD%D8%A7%D8%B3%D9%88%D8%A8%D9%8A%D8%A9-%D9%85%D8%B3%D8%AA%D9%82%D8%A8%D9%84-%D8%A7%D9%84%D8%B0%D9%83%D8%A7%D8%A1-%D8%A7%D9%84%D8%A7%D8%B5%D8%B7%D9%86%D8%A7%D8%B9%D9%8A-%D9%81%D9%8A-%D9%85%D8%B9%D8%A7%D9%84%D8%AC%D8%A9-%D8%A7%D9%84%D9%84%D8%BA%D8%A9-%D8%A7%D9%84%D8%B7%D8%A8%D9%8A%D8%B9%D9%8A%D8%A9-%D9%88%D8%A7%D9%84%D8%AA%D8%B9%D8%B1%D9%81-%D8%B9%D9%84%D9%89-%D8%A7%D9%84%D8%B5%D9%88%D8%B1.html,10,,0,2026-03-08T01:07:05.713Z,التعلم الآلي والرؤية الحاسوبية: مستقبل الذكاء الاصطناعي في
https://brightai.site/frontend/pages/blogger/التحول-الرقمي-وأتمتة-العمليات-كيف-يمكن-للذكاء-الاصطناعي-أن-يقود-الابتكار.html,/frontend/pages/blogger/%D8%A7%D9%84%D8%AA%D8%AD%D9%88%D9%84-%D8%A7%D9%84%D8%B1%D9%82%D9%85%D9%8A-%D9%88%D8%A3%D8%AA%D9%85%D8%AA%D8%A9-%D8%A7%D9%84%D8%B9%D9%85%D9%84%D9%8A%D8%A7%D8%AA-%D9%83%D9%8A%D9%81-%D9%8A%D9%85%D9%83%D9%86-%D9%84%D9%84%D8%B0%D9%83%D8%A7%D8%A1-%D8%A7%D9%84%D8%A7%D8%B5%D8%B7%D9%86%D8%A7%D8%B9%D9%8A-%D8%A3%D9%86-%D9%8A%D9%82%D9%88%D8%AF-%D8%A7%D9%84%D8%A7%D8%A8%D8%AA%D9%83%D8%A7%D8%B1.html,10,,0,2026-03-08T01:07:05.713Z,التحول الرقمي وأتمتة العمليات: كيف يمكن للذكاء الاصطناعي أن
https://brightai.site/frontend/pages/blogger/الأتمتة-المالية-وأتمتة-الموارد-البشرية-حلول-مستقبلية-للشركات-الذكية.html,/frontend/pages/blogger/%D8%A7%D9%84%D8%A3%D8%AA%D9%85%D8%AA%D8%A9-%D8%A7%D9%84%D9%85%D8%A7%D9%84%D9%8A%D8%A9-%D9%88%D8%A3%D8%AA%D9%85%D8%AA%D8%A9-%D8%A7%D9%84%D9%85%D9%88%D8%A7%D8%B1%D8%AF-%D8%A7%D9%84%D8%A8%D8%B4%D8%B1%D9%8A%D8%A9-%D8%AD%D9%84%D9%88%D9%84-%D9%85%D8%B3%D8%AA%D9%82%D8%A8%D9%84%D9%8A%D8%A9-%D9%84%D9%84%D8%B4%D8%B1%D9%83%D8%A7%D8%AA-%D8%A7%D9%84%D8%B0%D9%83%D9%8A%D8%A9.html,10,,0,2026-03-08T01:07:05.713Z,الأتمتة المالية وأتمتة الموارد البشرية: حلول مستقبلية
https://brightai.site/frontend/pages/blogger/الأتمتة-الصناعية-وأتمتة-المهام-المتكررة-كيفية-تحسين-الكفاءة-الإنتاجية.html,/frontend/pages/blogger/%D8%A7%D9%84%D8%A3%D8%AA%D9%85%D8%AA%D8%A9-%D8%A7%D9%84%D8%B5%D9%86%D8%A7%D8%B9%D9%8A%D8%A9-%D9%88%D8%A3%D8%AA%D9%85%D8%AA%D8%A9-%D8%A7%D9%84%D9%85%D9%87%D8%A7%D9%85-%D8%A7%D9%84%D9%85%D8%AA%D9%83%D8%B1%D8%B1%D8%A9-%D9%83%D9%8A%D9%81%D9%8A%D8%A9-%D8%AA%D8%AD%D8%B3%D9%8A%D9%86-%D8%A7%D9%84%D9%83%D9%81%D8%A7%D8%A1%D8%A9-%D8%A7%D9%84%D8%A5%D9%86%D8%AA%D8%A7%D8%AC%D9%8A%D8%A9.html,10,,0,2026-03-08T01:07:05.713Z,الأتمتة الصناعية وأتمتة المهام المتكررة: - Ø§ÙØ£ØªÙ ØªØ© 2
https://brightai.site/frontend/pages/blogger/أتمتة-العمليات-باستخدام-الذكاء-الاصطناعي-الطريق-إلى-تحسين-الكفاءة-التشغيلية.html,/frontend/pages/blogger/%D8%A3%D8%AA%D9%85%D8%AA%D8%A9-%D8%A7%D9%84%D8%B9%D9%85%D9%84%D9%8A%D8%A7%D8%AA-%D8%A8%D8%A7%D8%B3%D8%AA%D8%AE%D8%AF%D8%A7%D9%85-%D8%A7%D9%84%D8%B0%D9%83%D8%A7%D8%A1-%D8%A7%D9%84%D8%A7%D8%B5%D8%B7%D9%86%D8%A7%D8%B9%D9%8A-%D8%A7%D9%84%D8%B7%D8%B1%D9%8A%D9%82-%D8%A5%D9%84%D9%89-%D8%AA%D8%AD%D8%B3%D9%8A%D9%86-%D8%A7%D9%84%D9%83%D9%81%D8%A7%D8%A1%D8%A9-%D8%A7%D9%84%D8%AA%D8%B4%D8%BA%D9%8A%D9%84%D9%8A%D8%A9.html,10,,0,2026-03-08T01:07:05.713Z,أتمتة العمليات باستخدام الذكاء الاصطناعي: الطريق إلى تحسين
https://brightai.site/frontend/pages/blogger/أتمتة-الذكاء-الاصطناعي-حلول-مخصصة-لتحليل-المشاريع-وتحسين-محركات-البحث-1.html,/frontend/pages/blogger/%D8%A3%D8%AA%D9%85%D8%AA%D8%A9-%D8%A7%D9%84%D8%B0%D9%83%D8%A7%D8%A1-%D8%A7%D9%84%D8%A7%D8%B5%D8%B7%D9%86%D8%A7%D8%B9%D9%8A-%D8%AD%D9%84%D9%88%D9%84-%D9%85%D8%AE%D8%B5%D8%B5%D8%A9-%D9%84%D8%AA%D8%AD%D9%84%D9%8A%D9%84-%D8%A7%D9%84%D9%85%D8%B4%D8%A7%D8%B1%D9%8A%D8%B9-%D9%88%D8%AA%D8%AD%D8%B3%D9%8A%D9%86-%D9%85%D8%AD%D8%B1%D9%83%D8%A7%D8%AA-%D8%A7%D9%84%D8%A8%D8%AD%D8%AB-1.html,10,,0,2026-03-08T01:07:05.713Z,أتمتة الذكاء الاصطناعي: حلول مخصصة لتحليل المشاريع وتحسين
https://brightai.site/frontend/pages/blogger/vision-2030-ai-opportunities.html,/frontend/pages/blogger/vision-2030-ai-opportunities.html,10,,0,2026-03-08T01:07:05.713Z,رؤية 2030 والذكاء الاصطناعي: فرص الشركات | Bright AI
https://brightai.site/frontend/pages/blogger/transport-logistics-solutions.html,/frontend/pages/blogger/transport-logistics-solutions.html,10,,0,2026-03-08T01:07:05.713Z,حلول النقل واللوجستيات الذكية في السعودية | Bright AI
https://brightai.site/frontend/pages/blogger/top-ai-tools-saudi-2025.html,/frontend/pages/blogger/top-ai-tools-saudi-2025.html,10,,0,2026-03-08T01:07:05.713Z,أفضل 10 أدوات ذكاء اصطناعي للشركات السعودية 2025 | Bright AI
https://brightai.site/frontend/pages/blogger/smart-inventory-management.html,/frontend/pages/blogger/smart-inventory-management.html,10,,0,2026-03-08T01:07:05.713Z,إدارة المخزون الذكية بالذكاء الاصطناعي | Bright AI
https://brightai.site/frontend/pages/blogger/smart-document-processing.html,/frontend/pages/blogger/smart-document-processing.html,10,,0,2026-03-08T01:07:05.713Z,معالجة المستندات الذكية OCR في السعودية | Bright AI
https://brightai.site/frontend/pages/blogger/smart-crm-system.html,/frontend/pages/blogger/smart-crm-system.html,10,,0,2026-03-08T01:07:05.713Z,نظام CRM ذكي بالذكاء الاصطناعي في السعودية | Bright AI
https://brightai.site/frontend/pages/blogger/smart-automation-benefits.html,/frontend/pages/blogger/smart-automation-benefits.html,10,,0,2026-03-08T01:07:05.713Z,فوائد الأتمتة الذكية للشركات | Bright AI السعودية
https://brightai.site/frontend/pages/blogger/saudi-waste-management-ai.html,/frontend/pages/blogger/saudi-waste-management-ai.html,10,,0,2026-03-08T01:07:05.713Z,دراسة حالة شاملة: إدارة النفايات بالذكاء الاصطناعي في
https://brightai.site/frontend/pages/blogger/saudi-tourism-ai-guide.html,/frontend/pages/blogger/saudi-tourism-ai-guide.html,10,,0,2026-03-08T01:07:05.713Z,دراسة حالة شاملة: الذكاء الاصطناعي في السياحة السعودية |
https://brightai.site/frontend/pages/blogger/saudi-sports-analytics-ai.html,/frontend/pages/blogger/saudi-sports-analytics-ai.html,10,,0,2026-03-08T01:07:05.713Z,دراسة حالة شاملة: الذكاء الاصطناعي في الرياضة السعودية |
https://brightai.site/frontend/pages/blogger/saudi-smart-city-traffic.html,/frontend/pages/blogger/saudi-smart-city-traffic.html,10,,0,2026-03-08T01:07:05.713Z,دراسة حالة شاملة: الرياض تقلل الازدحام 30% | Bright AI
https://brightai.site/frontend/pages/blogger/saudi-renewable-energy-ai.html,/frontend/pages/blogger/saudi-renewable-energy-ai.html,10,,0,2026-03-08T01:07:05.713Z,دراسة حالة شاملة: الذكاء الاصطناعي في الطاقة المتجددة
https://brightai.site/frontend/pages/blogger/saudi-real-estate-ai-valuation.html,/frontend/pages/blogger/saudi-real-estate-ai-valuation.html,10,,0,2026-03-08T01:07:05.713Z,دراسة حالة شاملة: الذكاء الاصطناعي في العقارات السعودية |
https://brightai.site/frontend/pages/blogger/saudi-petrochemical-ai-safety.html,/frontend/pages/blogger/saudi-petrochemical-ai-safety.html,10,,0,2026-03-08T01:07:05.713Z,دراسة حالة شاملة: الذكاء الاصطناعي في البتروكيماويات
https://brightai.site/frontend/pages/blogger/saudi-mining-ai-exploration.html,/frontend/pages/blogger/saudi-mining-ai-exploration.html,10,,0,2026-03-08T01:07:05.713Z,دراسة حالة شاملة: الذكاء الاصطناعي في التعدين السعودي | كنز
https://brightai.site/frontend/pages/blogger/saudi-manufacturing-predictive-maintenance.html,/frontend/pages/blogger/saudi-manufacturing-predictive-maintenance.html,10,,0,2026-03-08T01:07:05.713Z,دراسة حالة شاملة: الذكاء الاصطناعي في الصناعة السعودية |
https://brightai.site/frontend/pages/blogger/saudi-logistics-route-optimization.html,/frontend/pages/blogger/saudi-logistics-route-optimization.html,10,,0,2026-03-08T01:07:05.713Z,دراسة حالة شاملة: الذكاء الاصطناعي في اللوجستيات السعودية |
https://brightai.site/frontend/pages/blogger/saudi-insurance-claims-ai.html,/frontend/pages/blogger/saudi-insurance-claims-ai.html,10,,0,2026-03-08T01:07:05.713Z,دراسة حالة شاملة: الذكاء الاصطناعي في التأمين السعودي | كشف
https://brightai.site/frontend/pages/blogger/saudi-hospitality-dynamic-pricing.html,/frontend/pages/blogger/saudi-hospitality-dynamic-pricing.html,10,,0,2026-03-08T01:07:05.713Z,دراسة حالة: مجموعة فنادق سعودية | زيادة الإشغال 20%
https://brightai.site/frontend/pages/blogger/saudi-factory-ai-productivity.html,/frontend/pages/blogger/saudi-factory-ai-productivity.html,10,,0,2026-03-08T01:07:05.713Z,دراسة حالة: مصنع سعودي | رفع الإنتاجية 30% بتحليلات الذكاء
https://brightai.site/frontend/pages/blogger/saudi-energy-predictive-maintenance.html,/frontend/pages/blogger/saudi-energy-predictive-maintenance.html,10,,0,2026-03-08T01:07:05.713Z,دراسة حالة: شركة طاقة سعودية | توفير 40 مليون ريال سنوياً
https://brightai.site/frontend/pages/blogger/saudi-edtech-personalized-learning.html,/frontend/pages/blogger/saudi-edtech-personalized-learning.html,10,,0,2026-03-08T01:07:05.713Z,دراسة حالة: منصة تعليمية سعودية | تخصيص مسارات التعلم لـ
https://brightai.site/frontend/pages/blogger/saudi-ecommerce-ai-growth.html,/frontend/pages/blogger/saudi-ecommerce-ai-growth.html,10,,0,2026-03-08T01:07:05.713Z,دراسة حالة شاملة: الذكاء الاصطناعي في التجارة الإلكترونية
https://brightai.site/frontend/pages/blogger/saudi-dates-quality-ai.html,/frontend/pages/blogger/saudi-dates-quality-ai.html,10,,0,2026-03-08T01:07:05.713Z,دراسة حالة شاملة: الذكاء الاصطناعي في جودة التمور السعودية
https://brightai.site/frontend/pages/blogger/saudi-bank-fraud-detection.html,/frontend/pages/blogger/saudi-bank-fraud-detection.html,10,,0,2026-03-08T01:07:05.713Z,دراسة حالة: بنك سعودي | كشف 95% من محاولات الاحتيال بالذكاء
https://brightai.site/frontend/pages/blogger/saudi-agritech-smart-farming.html,/frontend/pages/blogger/saudi-agritech-smart-farming.html,10,,0,2026-03-08T01:07:05.713Z,دراسة حالة شاملة: الزراعة الذكية في السعودية | توفير المياه
https://brightai.site/frontend/pages/blogger/riyadh-municipality-ai-license.html,/frontend/pages/blogger/riyadh-municipality-ai-license.html,10,,0,2026-03-08T01:07:05.713Z,دراسة حالة: كيف خفّضت بلدية الرياض وقت التراخيص 70% بالذكاء
https://brightai.site/frontend/pages/blogger/production-line.html,/frontend/pages/blogger/production-line.html,10,,0,2026-03-08T01:07:05.713Z,كيف يُحسّن الذكاء الاصطناعي كفاءة خطوط الإنتاج؟ | Bright AI
https://brightai.site/frontend/pages/blogger/process-automation.html,/frontend/pages/blogger/process-automation.html,10,,0,2026-03-08T01:07:05.713Z,أتمتة العمليات: تحويل المهام الروتينية إلى عمليات مؤتمتة
https://brightai.site/frontend/pages/blogger/private-hospital-scheduling-optimization.html,/frontend/pages/blogger/private-hospital-scheduling-optimization.html,10,,0,2026-03-08T01:07:05.713Z,دراسة حالة: مجموعة صحية خاصة | تقليل أوقات الانتظار بنسبة
https://brightai.site/frontend/pages/blogger/nca-compliance.html,/frontend/pages/blogger/nca-compliance.html,10,,0,2026-03-08T01:07:05.713Z,الامتثال لمعايير الأمن السيبراني (NCA) في السعودية | الدليل
https://brightai.site/frontend/pages/blogger/nca-ai-compliance-saudi.html,/frontend/pages/blogger/nca-ai-compliance-saudi.html,10,,0,2026-03-08T01:07:05.713Z,الامتثال لـ NCA ومتطلبات AI في السعودية | Bright AI
https://brightai.site/frontend/pages/blogger/ksu-adaptive-learning.html,/frontend/pages/blogger/ksu-adaptive-learning.html,10,,0,2026-03-08T01:07:05.713Z,دراسة حالة: جامعة الملك سعود | منصة تعلم تكيفي ترفع معدلات
https://brightai.site/frontend/pages/blogger/kfshrc-breast-cancer-ai.html,/frontend/pages/blogger/kfshrc-breast-cancer-ai.html,10,,0,2026-03-08T01:07:05.713Z,دراسة حالة: مستشفى الملك فيصل التخصصي | الذكاء الاصطناعي
https://brightai.site/frontend/pages/blogger/intelligent-data-analysis.html,/frontend/pages/blogger/intelligent-data-analysis.html,10,,0,2026-03-08T01:07:05.713Z,دليل شامل لتحليل البيانات الذكي: تحويل المعلومات إلى قرارات
https://brightai.site/frontend/pages/blogger/hr-automation-case-study.html,/frontend/pages/blogger/hr-automation-case-study.html,10,,0,2026-03-08T01:07:05.713Z,الأتمتة الذكية للموارد البشرية: كيف وفّرت شركة | Bright AI
https://brightai.site/frontend/pages/blogger/future-of-intelligent-data-analysis-finance-sector.html,/frontend/pages/blogger/future-of-intelligent-data-analysis-finance-sector.html,10,,0,2026-03-08T01:07:05.713Z,التحليل الذكي للقطاع المالي | Bright AI السعودية
https://brightai.site/frontend/pages/blogger/digital-health-smart-archive.html,/frontend/pages/blogger/digital-health-smart-archive.html,10,,0,2026-03-08T01:07:05.713Z,تطبيقات الصحة الرقمية والأرشفة الطبية الذكية في | Bright AI
https://brightai.site/frontend/pages/blogger/digital-banking-saudi.html,/frontend/pages/blogger/digital-banking-saudi.html,10,,0,2026-03-08T01:07:05.713Z,الخدمات المصرفية الرقمية في السعودية | Bright AI
https://brightai.site/frontend/pages/blogger/commerce-ministry-chatbot.html,/frontend/pages/blogger/commerce-ministry-chatbot.html,10,,0,2026-03-08T01:07:05.713Z,"دراسة حالة: وزارة التجارة | شات بوت ذكي يخدم 50,000 تاجر"
https://brightai.site/frontend/pages/blogger/choose-ai-company-saudi.html,/frontend/pages/blogger/choose-ai-company-saudi.html,10,,0,2026-03-08T01:07:05.713Z,كيف تختار شركة الذكاء الاصطناعي المناسبة في | Bright AI
https://brightai.site/frontend/pages/blogger/chatgpt-vs-claude-vs-gemini-arabic.html,/frontend/pages/blogger/chatgpt-vs-claude-vs-gemini-arabic.html,10,,0,2026-03-08T01:07:05.713Z,مقارنة ChatGPT vs Claude vs Gemini للشركات | Bright AI
https://brightai.site/frontend/pages/blogger/case-study-saudi-companies-ai-agents-customer-service.html,/frontend/pages/blogger/case-study-saudi-companies-ai-agents-customer-service.html,10,,0,2026-03-08T01:07:05.713Z,دراسة حالة: كيف تستخدم الشركات السعودية وكلاء الذكاء
https://brightai.site/frontend/pages/blogger/business-intelligence-saudi.html,/frontend/pages/blogger/business-intelligence-saudi.html,10,,0,2026-03-08T01:07:05.713Z,ذكاء الأعمال BI في السعودية | Bright AI
https://brightai.site/frontend/pages/blogger/business-intelligence-data-analysis.html,/frontend/pages/blogger/business-intelligence-data-analysis.html,10,,0,2026-03-08T01:07:05.713Z,ذكاء الاعمال: قوة تحليل البيانات لتحسين الأداء | Bright AI
https://brightai.site/frontend/pages/blogger/big-data-analysis.html,/frontend/pages/blogger/big-data-analysis.html,10,,0,2026-03-08T01:07:05.713Z,تحليل البيانات الضخمة للأعمال | Bright AI السعودية
https://brightai.site/frontend/pages/blogger/atou.doc.html,/frontend/pages/blogger/atou.doc.html,10,,0,2026-03-08T01:07:05.713Z,أتمتة العمليات الذكية | حلول Bright AI المتكاملة لتحويل
https://brightai.site/frontend/pages/blogger/ai.html,/frontend/pages/blogger/ai.html,10,,0,2026-03-08T01:07:05.713Z,كيف يمكن للذكاء الاصطناعي تحسين أداء الشركات | Bright AI
https://brightai.site/frontend/pages/blogger/ai-transformation.html,/frontend/pages/blogger/ai-transformation.html,10,,0,2026-03-08T01:07:05.713Z,كيف تُحدث حلول الذكاء الاصطناعي المبتكرة تحولًا في الأعمال
https://brightai.site/frontend/pages/blogger/ai-innovation-saudi-arabia.html,/frontend/pages/blogger/ai-innovation-saudi-arabia.html,10,,0,2026-03-08T01:07:05.713Z,5 طرق لتعزيز الابتكار من خلال الذكاء الاصطناعي في السعودية | Bright AI
https://brightai.site/frontend/pages/blogger/ai-implementation-cost-guide.html,/frontend/pages/blogger/ai-implementation-cost-guide.html,10,,0,2026-03-08T01:07:05.713Z,تكلفة تطبيق الذكاء الاصطناعي في شركتك — دليل | Bright AI
https://brightai.site/frontend/pages/blogger/ai-healthcare-saudi.html,/frontend/pages/blogger/ai-healthcare-saudi.html,10,,0,2026-03-08T01:07:05.713Z,الذكاء الاصطناعي في القطاع الصحي السعودي: تشخيص | Bright AI
https://brightai.site/frontend/pages/blogger/ai-guide-saudi-business.html,/frontend/pages/blogger/ai-guide-saudi-business.html,10,,0,2026-03-08T01:07:05.713Z,دليل الذكاء الاصطناعي للمبتدئين لرجال الأعمال | Bright AI
https://brightai.site/frontend/pages/blogger/ai-generative-content-industry-saudi-arabia.html,/frontend/pages/blogger/ai-generative-content-industry-saudi-arabia.html,10,,0,2026-03-08T01:07:05.713Z,تأثير الذكاء الاصطناعي التوليدي على صناعة المحتوى في
https://brightai.site/frontend/pages/blogger/ai-finance-saudi.html,/frontend/pages/blogger/ai-finance-saudi.html,10,,0,2026-03-08T01:07:05.713Z,الذكاء الاصطناعي للقطاع المالي السعودي | مصرفية أذكى
https://brightai.site/frontend/pages/blogger/ai-energy-saudi.html,/frontend/pages/blogger/ai-energy-saudi.html,10,,0,2026-03-08T01:07:05.713Z,الذكاء الاصطناعي في قطاع الطاقة السعودي | كفاءة أعلى
https://brightai.site/frontend/pages/blogger/ai-agent.html,/frontend/pages/blogger/ai-agent.html,10,,0,2026-03-08T01:07:05.713Z,وكيل الذكاء الاصطناعي للشركات | Bright AI السعودية
https://brightai.site/frontend/pages/blogger/Generative-artificial-intelligence.html,/frontend/pages/blogger/Generative-artificial-intelligence.html,10,,0,2026-03-08T01:07:05.713Z,الذكاء الاصطناعي التوليدي: ثورة في عالم الإبداع | Bright AI
https://brightai.site/frontend/pages/blog/data-analytics/power-bi-saudi-guide.html,/frontend/pages/blog/data-analytics/power-bi-saudi-guide.html,10,,0,2026-03-08T01:07:05.713Z,Power BI للشركات السعودية: دليل البداية الشامل | Bright AI
https://brightai.site/frontend/pages/blog/data-analytics/kpi-dashboard-guide.html,/frontend/pages/blog/data-analytics/kpi-dashboard-guide.html,10,,0,2026-03-08T01:07:05.713Z,كيف تبني لوحة معلومات KPIs لمنشأتك خطوة بخطوة | Bright AI
https://brightai.site/frontend/pages/ai-workflows/,/frontend/pages/ai-workflows/,10,,0,2026-03-08T01:07:05.713Z,سير عمل الذكاء الاصطناعي للشركات السعودية | Bright AI
https://brightai.site/frontend/pages/ai-scolecs/,/frontend/pages/ai-scolecs/,10,,0,2026-03-08T01:07:05.713Z,المنصة التعليمية الذكية | Bright AI
https://brightai.site/frontend/pages/ai-bots/BrightSupport/,/frontend/pages/ai-bots/BrightSupport/,10,,0,2026-03-08T01:07:05.713Z,BrightSupport - روبوت خدمة العملاء الذكي
https://brightai.site/frontend/pages/ai-bots/BrightSales/,/frontend/pages/ai-bots/BrightSales/,10,,0,2026-03-08T01:07:05.713Z,BrightSales | روبوت المبيعات الذكي في السعودية
https://brightai.site/frontend/pages/ai-bots/BrightRecruiter/,/frontend/pages/ai-bots/BrightRecruiter/,10,,0,2026-03-08T01:07:05.713Z,BrightRecruiter | روبوت التوظيف الذكي في السعودية
https://brightai.site/frontend/pages/ai-bots/BrightProject/,/frontend/pages/ai-bots/BrightProject/,10,,0,2026-03-08T01:07:05.713Z,BrightProject | روبوت إدارة المشاريع الذكي في السعودية
https://brightai.site/frontend/pages/ai-bots/BrightMath/,/frontend/pages/ai-bots/BrightMath/,10,,0,2026-03-08T01:07:05.713Z,BrightMath | مساعد الرياضيات الذكي في السعودية
