Page URL,Broken Link URL,HTTP Code,Occurrences,Discovered At,Title
https://brightai.site/what-is-ai/,https://brightai.site/demo,404,13,2026-03-08T01:26:48.653Z,ما هو الذكاء الاصطناعي؟ | Bright AI - دليلك الشامل
https://brightai.site/what-is-ai/,https://brightai.site/job.MAISco,404,15,2026-03-08T01:26:48.653Z,ما هو الذكاء الاصطناعي؟ | Bright AI - دليلك الشامل
https://brightai.site/tools/,https://brightai.site/interview/pages/dashboard,404,17,2026-03-08T01:26:48.653Z,أدوات AI مجانية للشركات | Bright AI
https://brightai.site/tools/,https://brightai.site/interview/pages/supportAI,404,15,2026-03-08T01:26:48.653Z,أدوات AI مجانية للشركات | Bright AI
https://brightai.site/tools/,https://brightai.site/demo/ocr-demo,404,18,2026-03-08T01:26:48.653Z,أدوات AI مجانية للشركات | Bright AI
https://brightai.site/tools/,https://brightai.site/interview/pages/support-ai,404,14,2026-03-08T01:26:48.653Z,أدوات AI مجانية للشركات | Bright AI
https://brightai.site/tools/,https://brightai.site/interview,404,13,2026-03-08T01:26:48.653Z,أدوات AI مجانية للشركات | Bright AI
https://brightai.site/smart-automation/,https://brightai.site/demo,404,13,2026-03-08T01:26:48.653Z,الأتمتة الذكية وسير عمل AI | Bright AI السعودية
https://brightai.site/smart-automation/,https://brightai.site/interview,404,12,2026-03-08T01:26:48.653Z,الأتمتة الذكية وسير عمل AI | Bright AI السعودية
https://brightai.site/services/,https://brightai.site/interview,404,13,2026-03-08T01:26:48.653Z,خدمات AI المؤسسية للشركات | Bright AI
https://brightai.site/machine-learning/,https://brightai.site/interview,404,14,2026-03-08T01:26:48.653Z,تعلم الآلة للأعمال | Bright AI
https://brightai.site/health/,https://brightai.site/job.MAISco,404,13,2026-03-08T01:26:48.653Z,حلول الذكاء الاصطناعي الطبية المتقدمة | Bright AI السعودية
https://brightai.site/frontend/pages/try/,https://brightai.site/interview/pages/support-ai,404,12,2026-03-08T01:26:48.653Z,نماذج الذكاء الاصطناعي | Bright AI - جرب أدواتنا مجاناً
https://brightai.site/frontend/pages/try/,https://brightai.site/try/data-analyzer,404,15,2026-03-08T01:26:48.653Z,نماذج الذكاء الاصطناعي | Bright AI - جرب أدواتنا مجاناً
https://brightai.site/frontend/pages/try/,https://brightai.site/interview/pages/appointment,404,16,2026-03-08T01:07:05.713Z,نماذج الذكاء الاصطناعي | Bright AI - جرب أدواتنا مجاناً
https://brightai.site/frontend/pages/try/,https://brightai.site/try/text-analysis,404,17,2026-03-08T01:26:48.653Z,نماذج الذكاء الاصطناعي | Bright AI - جرب أدواتنا مجاناً
https://brightai.site/frontend/pages/try/,https://brightai.site/try/data-quality,404,14,2026-03-08T01:26:48.653Z,نماذج الذكاء الاصطناعي | Bright AI - جرب أدواتنا مجاناً
https://brightai.site/frontend/pages/try/,https://brightai.site/job.MAISco,404,13,2026-03-08T01:26:48.653Z,نماذج الذكاء الاصطناعي | Bright AI - جرب أدواتنا مجاناً
https://brightai.site/frontend/pages/try/,https://brightai.site/interview/pages/dashboard,404,19,2026-03-08T01:26:48.653Z,نماذج الذكاء الاصطناعي | Bright AI - جرب أدواتنا مجاناً
https://brightai.site/frontend/pages/try/,https://brightai.site/demo,404,11,2026-03-08T01:26:48.653Z,نماذج الذكاء الاصطناعي | Bright AI - جرب أدواتنا مجاناً
https://brightai.site/frontend/pages/smart-medical-archive/,https://brightai.site/job.MAISco,404,17,2026-03-08T01:26:48.653Z,نظام الأرشيف الطبي الذكي للمستشفيات في السعودية | تجربة
https://brightai.site/frontend/pages/smart-medical-archive/,https://brightai.site/demo/ocr-demo,404,16,2026-03-08T01:26:48.653Z,نظام الأرشيف الطبي الذكي للمستشفيات في السعودية | تجربة
https://brightai.site/frontend/pages/sectors/manufacturing.html,https://brightai.site/job.MAISco,404,14,2026-03-08T01:26:48.653Z,الذكاء الاصطناعي للصناعة السعودية | Bright AI
https://brightai.site/frontend/pages/sectors/logistics.html,https://brightai.site/job.MAISco,404,14,2026-03-08T01:26:48.653Z,الذكاء الاصطناعي للوجستيات في السعودية | Bright AI
https://brightai.site/frontend/pages/sectors/logistics.html,https://brightai.site/demo,404,12,2026-03-08T01:26:48.653Z,الذكاء الاصطناعي للوجستيات في السعودية | Bright AI
https://brightai.site/frontend/pages/sectors/healthcare.html,https://brightai.site/job.MAISco,404,14,2026-03-08T01:26:48.653Z,الذكاء الاصطناعي للرعاية الصحية في السعودية | Bright AI
https://brightai.site/frontend/pages/sectors/finance.html,https://brightai.site/job.MAISco,404,13,2026-03-08T01:26:48.653Z,الذكاء الاصطناعي للقطاع المالي السعودي | Bright AI
https://brightai.site/frontend/pages/sectors/energy.html,https://brightai.site/job.MAISco,404,13,2026-03-08T01:26:48.653Z,الذكاء الاصطناعي لقطاع الطاقة السعودي | Bright AI
https://brightai.site/frontend/pages/sectors/ecommerce.html,https://brightai.site/job.MAISco,404,13,2026-03-08T01:26:48.653Z,الذكاء الاصطناعي للتجارة الإلكترونية السعودية | Bright AI
https://brightai.site/frontend/pages/privacy-cookies/,https://brightai.site/job.MAISco,404,12,2026-03-08T01:26:48.653Z,Bright AI | سياسة ملفات تعريف الارتباط
https://brightai.site/frontend/pages/demo/pricing/,https://brightai.site/job.MAISco,404,15,2026-03-08T01:26:48.653Z,أسعار Bright AI | باقات مرنة للشركات السعودية
https://brightai.site/frontend/pages/demo/pricing/,https://brightai.site/demo,404,13,2026-03-08T01:26:48.653Z,أسعار Bright AI | باقات مرنة للشركات السعودية
https://brightai.site/frontend/pages/blogger/مقال-تحليل.html,https://brightai.site/job.MAISco,404,12,2026-03-08T01:26:48.653Z,كيف تغيّر الذكاء الاصطناعي مستقبل تحليل البيانات: الأدوات
https://brightai.site/frontend/pages/blogger/تعلم-الآلة-و-الأعمال.html,https://brightai.site/job.MAISco,404,13,2026-03-08T01:26:48.653Z,تعلم الآلة للأعمال في السعودية | Bright AI
https://brightai.site/frontend/pages/blogger/تحليل-البيانات.html,https://brightai.site/blog/analysy,404,11,2026-03-08T01:07:05.713Z,تحليل البيانات لاتخاذ القرار | Bright AI السعودية
https://brightai.site/frontend/pages/blogger/تحليل-البيانات.html,https://brightai.site/job.MAISco,404,13,2026-03-08T01:26:48.653Z,تحليل البيانات لاتخاذ القرار | Bright AI السعودية
https://brightai.site/frontend/pages/blogger/الذكاء-الاصطناعي-و-التسويق.html,https://brightai.site/job.MAISco,404,12,2026-03-08T01:26:48.653Z,الذكاء الاصطناعي في التسويق | Bright AI السعودية
https://brightai.site/frontend/pages/blogger/التعلم-الآلي-والرؤية-الحاسوبية-مستقبل-الذكاء-الاصطناعي-في-معالجة-اللغة-الطبيعية-والتعرف-على-الصور.html,https://brightai.site/job.MAISco,404,12,2026-03-08T01:26:48.653Z,التعلم الآلي والرؤية الحاسوبية: مستقبل الذكاء الاصطناعي في
https://brightai.site/frontend/pages/blogger/التحول-الرقمي-وأتمتة-العمليات-كيف-يمكن-للذكاء-الاصطناعي-أن-يقود-الابتكار.html,https://brightai.site/job.MAISco,404,12,2026-03-08T01:26:48.653Z,التحول الرقمي وأتمتة العمليات: كيف يمكن للذكاء الاصطناعي أن
https://brightai.site/frontend/pages/blogger/الأتمتة-المالية-وأتمتة-الموارد-البشرية-حلول-مستقبلية-للشركات-الذكية.html,https://brightai.site/job.MAISco,404,11,2026-03-08T01:26:48.653Z,الأتمتة المالية وأتمتة الموارد البشرية: حلول مستقبلية
https://brightai.site/frontend/pages/blogger/الأتمتة-الصناعية-وأتمتة-المهام-المتكررة-كيفية-تحسين-الكفاءة-الإنتاجية.html,https://brightai.site/job.MAISco,404,11,2026-03-08T01:26:48.653Z,الأتمتة الصناعية وأتمتة المهام المتكررة: - Ø§ÙØ£ØªÙ ØªØ© 2
https://brightai.site/frontend/pages/blogger/أتمتة-العمليات-باستخدام-الذكاء-الاصطناعي-الطريق-إلى-تحسين-الكفاءة-التشغيلية.html,https://brightai.site/job.MAISco,404,13,2026-03-08T01:26:48.653Z,أتمتة العمليات باستخدام الذكاء الاصطناعي: الطريق إلى تحسين
https://brightai.site/frontend/pages/blogger/أتمتة-الذكاء-الاصطناعي-حلول-مخصصة-لتحليل-المشاريع-وتحسين-محركات-البحث-1.html,https://brightai.site/job.MAISco,404,11,2026-03-08T01:26:48.653Z,أتمتة الذكاء الاصطناعي: حلول مخصصة لتحليل المشاريع وتحسين
https://brightai.site/frontend/pages/blogger/transport-logistics-solutions.html,https://brightai.site/job.MAISco,404,13,2026-03-08T01:26:48.653Z,حلول النقل واللوجستيات الذكية في السعودية | Bright AI
https://brightai.site/frontend/pages/blogger/smart-inventory-management.html,https://brightai.site/job.MAISco,404,13,2026-03-08T01:26:48.653Z,إدارة المخزون الذكية بالذكاء الاصطناعي | Bright AI
https://brightai.site/frontend/pages/blogger/smart-document-processing.html,https://brightai.site/job.MAISco,404,13,2026-03-08T01:26:48.653Z,معالجة المستندات الذكية OCR في السعودية | Bright AI
https://brightai.site/frontend/pages/blogger/smart-crm-system.html,https://brightai.site/job.MAISco,404,14,2026-03-08T01:26:48.653Z,نظام CRM ذكي بالذكاء الاصطناعي في السعودية | Bright AI
https://brightai.site/frontend/pages/blogger/smart-automation-benefits.html,https://brightai.site/job.MAISco,404,12,2026-03-08T01:26:48.653Z,فوائد الأتمتة الذكية للشركات | Bright AI السعودية
https://brightai.site/frontend/pages/blogger/saudi-waste-management-ai.html,https://brightai.site/job.MAISco,404,11,2026-03-08T01:26:48.653Z,دراسة حالة شاملة: إدارة النفايات بالذكاء الاصطناعي في
https://brightai.site/frontend/pages/blogger/saudi-tourism-ai-guide.html,https://brightai.site/job.MAISco,404,12,2026-03-08T01:26:48.653Z,دراسة حالة شاملة: الذكاء الاصطناعي في السياحة السعودية |
https://brightai.site/frontend/pages/blogger/saudi-sports-analytics-ai.html,https://brightai.site/job.MAISco,404,12,2026-03-08T01:26:48.653Z,دراسة حالة شاملة: الذكاء الاصطناعي في الرياضة السعودية |
https://brightai.site/frontend/pages/blogger/saudi-smart-city-traffic.html,https://brightai.site/job.MAISco,404,11,2026-03-08T01:26:48.653Z,دراسة حالة شاملة: الرياض تقلل الازدحام 30% | Bright AI
https://brightai.site/frontend/pages/blogger/saudi-renewable-energy-ai.html,https://brightai.site/job.MAISco,404,11,2026-03-08T01:26:48.653Z,دراسة حالة شاملة: الذكاء الاصطناعي في الطاقة المتجددة
https://brightai.site/frontend/pages/blogger/saudi-real-estate-ai-valuation.html,https://brightai.site/job.MAISco,404,12,2026-03-08T01:26:48.653Z,دراسة حالة شاملة: الذكاء الاصطناعي في العقارات السعودية |
https://brightai.site/frontend/pages/blogger/saudi-petrochemical-ai-safety.html,https://brightai.site/job.MAISco,404,12,2026-03-08T01:26:48.653Z,دراسة حالة شاملة: الذكاء الاصطناعي في البتروكيماويات
https://brightai.site/frontend/pages/blogger/saudi-mining-ai-exploration.html,https://brightai.site/job.MAISco,404,12,2026-03-08T01:26:48.653Z,دراسة حالة شاملة: الذكاء الاصطناعي في التعدين السعودي | كنز
https://brightai.site/frontend/pages/blogger/saudi-manufacturing-predictive-maintenance.html,https://brightai.site/job.MAISco,404,13,2026-03-08T01:26:48.653Z,دراسة حالة شاملة: الذكاء الاصطناعي في الصناعة السعودية |
https://brightai.site/frontend/pages/blogger/saudi-manufacturing-predictive-maintenance.html,https://brightai.site/demo,404,11,2026-03-08T01:26:48.653Z,دراسة حالة شاملة: الذكاء الاصطناعي في الصناعة السعودية |
https://brightai.site/frontend/pages/blogger/saudi-logistics-route-optimization.html,https://brightai.site/job.MAISco,404,12,2026-03-08T01:26:48.653Z,دراسة حالة شاملة: الذكاء الاصطناعي في اللوجستيات السعودية |
https://brightai.site/frontend/pages/blogger/saudi-insurance-claims-ai.html,https://brightai.site/job.MAISco,404,12,2026-03-08T01:26:48.653Z,دراسة حالة شاملة: الذكاء الاصطناعي في التأمين السعودي | كشف
https://brightai.site/frontend/pages/blogger/saudi-hospitality-dynamic-pricing.html,https://brightai.site/job.MAISco,404,12,2026-03-08T01:26:48.653Z,دراسة حالة: مجموعة فنادق سعودية | زيادة الإشغال 20%
https://brightai.site/frontend/pages/blogger/saudi-factory-ai-productivity.html,https://brightai.site/demo,404,11,2026-03-08T01:26:48.653Z,دراسة حالة: مصنع سعودي | رفع الإنتاجية 30% بتحليلات الذكاء
https://brightai.site/frontend/pages/blogger/saudi-factory-ai-productivity.html,https://brightai.site/job.MAISco,404,13,2026-03-08T01:26:48.653Z,دراسة حالة: مصنع سعودي | رفع الإنتاجية 30% بتحليلات الذكاء
https://brightai.site/frontend/pages/blogger/saudi-energy-predictive-maintenance.html,https://brightai.site/demo,404,11,2026-03-08T01:26:48.653Z,دراسة حالة: شركة طاقة سعودية | توفير 40 مليون ريال سنوياً
https://brightai.site/frontend/pages/blogger/saudi-energy-predictive-maintenance.html,https://brightai.site/job.MAISco,404,13,2026-03-08T01:26:48.653Z,دراسة حالة: شركة طاقة سعودية | توفير 40 مليون ريال سنوياً
https://brightai.site/frontend/pages/blogger/saudi-edtech-personalized-learning.html,https://brightai.site/job.MAISco,404,12,2026-03-08T01:26:48.653Z,دراسة حالة: منصة تعليمية سعودية | تخصيص مسارات التعلم لـ
https://brightai.site/frontend/pages/blogger/saudi-ecommerce-ai-growth.html,https://brightai.site/job.MAISco,404,12,2026-03-08T01:26:48.653Z,دراسة حالة شاملة: الذكاء الاصطناعي في التجارة الإلكترونية
https://brightai.site/frontend/pages/blogger/saudi-dates-quality-ai.html,https://brightai.site/job.MAISco,404,12,2026-03-08T01:26:48.653Z,دراسة حالة شاملة: الذكاء الاصطناعي في جودة التمور السعودية
https://brightai.site/frontend/pages/blogger/saudi-bank-fraud-detection.html,https://brightai.site/job.MAISco,404,13,2026-03-08T01:26:48.653Z,دراسة حالة: بنك سعودي | كشف 95% من محاولات الاحتيال بالذكاء
https://brightai.site/frontend/pages/blogger/saudi-bank-fraud-detection.html,https://brightai.site/demo,404,11,2026-03-08T01:26:48.653Z,دراسة حالة: بنك سعودي | كشف 95% من محاولات الاحتيال بالذكاء
https://brightai.site/frontend/pages/blogger/saudi-agritech-smart-farming.html,https://brightai.site/job.MAISco,404,12,2026-03-08T01:26:48.653Z,دراسة حالة شاملة: الزراعة الذكية في السعودية | توفير المياه
https://brightai.site/frontend/pages/blogger/riyadh-municipality-ai-license.html,https://brightai.site/job.MAISco,404,11,2026-03-08T01:26:48.653Z,دراسة حالة: كيف خفّضت بلدية الرياض وقت التراخيص 70% بالذكاء
https://brightai.site/frontend/pages/blogger/production-line.html,https://brightai.site/demo,404,11,2026-03-08T01:26:48.653Z,كيف يُحسّن الذكاء الاصطناعي كفاءة خطوط الإنتاج؟ | Bright AI
https://brightai.site/frontend/pages/blogger/production-line.html,https://brightai.site/job.MAISco,404,13,2026-03-08T01:26:48.653Z,كيف يُحسّن الذكاء الاصطناعي كفاءة خطوط الإنتاج؟ | Bright AI
https://brightai.site/frontend/pages/blogger/process-automation.html,https://brightai.site/job.MAISco,404,13,2026-03-08T01:26:48.653Z,أتمتة العمليات: تحويل المهام الروتينية إلى عمليات مؤتمتة
https://brightai.site/frontend/pages/blogger/process-automation.html,https://brightai.site/blog/استشارات-الذكاء-الاصطناعي-كيف-تسهم-في-تحقيق-التحول-الرقمي-للشركات,404,12,2026-03-08T01:07:05.713Z,أتمتة العمليات: تحويل المهام الروتينية إلى عمليات مؤتمتة
https://brightai.site/frontend/pages/blogger/private-hospital-scheduling-optimization.html,https://brightai.site/job.MAISco,404,12,2026-03-08T01:26:48.653Z,دراسة حالة: مجموعة صحية خاصة | تقليل أوقات الانتظار بنسبة
https://brightai.site/frontend/pages/blogger/nca-compliance.html,https://brightai.site/job.MAISco,404,12,2026-03-08T01:26:48.653Z,الامتثال لمعايير الأمن السيبراني (NCA) في السعودية | الدليل
https://brightai.site/frontend/pages/blogger/ksu-adaptive-learning.html,https://brightai.site/job.MAISco,404,12,2026-03-08T01:26:48.653Z,دراسة حالة: جامعة الملك سعود | منصة تعلم تكيفي ترفع معدلات
https://brightai.site/frontend/pages/blogger/kfshrc-breast-cancer-ai.html,https://brightai.site/job.MAISco,404,11,2026-03-08T01:26:48.653Z,دراسة حالة: مستشفى الملك فيصل التخصصي | الذكاء الاصطناعي
https://brightai.site/frontend/pages/blogger/intelligent-data-analysis.html,https://brightai.site/blog/astr.doc,404,15,2026-03-08T01:07:05.713Z,دليل شامل لتحليل البيانات الذكي: تحويل المعلومات إلى قرارات
https://brightai.site/frontend/pages/blogger/intelligent-data-analysis.html,https://brightai.site/blog/استشارات-الذكاء-الاصطناعي-كيف-تسهم-في-تحقيق-التحول-الرقمي-للشركات,404,13,2026-03-08T01:07:05.713Z,دليل شامل لتحليل البيانات الذكي: تحويل المعلومات إلى قرارات
https://brightai.site/frontend/pages/blogger/intelligent-data-analysis.html,https://brightai.site/job.MAISco,404,14,2026-03-08T01:26:48.653Z,دليل شامل لتحليل البيانات الذكي: تحويل المعلومات إلى قرارات
https://brightai.site/frontend/pages/blogger/intelligent-data-analysis.html,https://brightai.site/blog/analysy,404,11,2026-03-08T01:07:05.713Z,دليل شامل لتحليل البيانات الذكي: تحويل المعلومات إلى قرارات
https://brightai.site/frontend/pages/blogger/hr-automation-case-study.html,https://brightai.site/interview,404,5,2026-03-08T01:26:48.653Z,الأتمتة الذكية للموارد البشرية: كيف وفّرت شركة | Bright AI
https://brightai.site/frontend/pages/blogger/future-of-intelligent-data-analysis-finance-sector.html,https://brightai.site/demo,404,12,2026-03-08T01:26:48.653Z,التحليل الذكي للقطاع المالي | Bright AI السعودية
https://brightai.site/frontend/pages/blogger/future-of-intelligent-data-analysis-finance-sector.html,https://brightai.site/job.MAISco,404,13,2026-03-08T01:26:48.653Z,التحليل الذكي للقطاع المالي | Bright AI السعودية
https://brightai.site/frontend/pages/blogger/digital-health-smart-archive.html,https://brightai.site/job.MAISco,404,13,2026-03-08T01:26:48.653Z,تطبيقات الصحة الرقمية والأرشفة الطبية الذكية في | Bright AI
https://brightai.site/frontend/pages/blogger/digital-banking-saudi.html,https://brightai.site/job.MAISco,404,14,2026-03-08T01:26:48.653Z,الخدمات المصرفية الرقمية في السعودية | Bright AI
https://brightai.site/frontend/pages/blogger/digital-banking-saudi.html,https://brightai.site/demo,404,12,2026-03-08T01:26:48.653Z,الخدمات المصرفية الرقمية في السعودية | Bright AI
https://brightai.site/frontend/pages/blogger/commerce-ministry-chatbot.html,https://brightai.site/job.MAISco,404,12,2026-03-08T01:26:48.653Z,"دراسة حالة: وزارة التجارة | شات بوت ذكي يخدم 50,000 تاجر"
https://brightai.site/frontend/pages/blogger/choose-ai-company-saudi.html,https://brightai.site/interview,404,5,2026-03-08T01:26:48.653Z,كيف تختار شركة الذكاء الاصطناعي المناسبة في | Bright AI
https://brightai.site/frontend/pages/blogger/case-study-saudi-companies-ai-agents-customer-service.html,https://brightai.site/job.MAISco,404,13,2026-03-08T01:26:48.653Z,دراسة حالة: كيف تستخدم الشركات السعودية وكلاء الذكاء
https://brightai.site/frontend/pages/blogger/business-intelligence-saudi.html,https://brightai.site/blog/analysy,404,12,2026-03-08T01:07:05.713Z,ذكاء الأعمال BI في السعودية | Bright AI
https://brightai.site/frontend/pages/blogger/business-intelligence-saudi.html,https://brightai.site/job.MAISco,404,14,2026-03-08T01:26:48.653Z,ذكاء الأعمال BI في السعودية | Bright AI
https://brightai.site/frontend/pages/blogger/business-intelligence-data-analysis.html,https://brightai.site/job.MAISco,404,12,2026-03-08T01:26:48.653Z,ذكاء الاعمال: قوة تحليل البيانات لتحسين الأداء | Bright AI
https://brightai.site/frontend/pages/blogger/big-data-analysis.html,https://brightai.site/blog/analysy,404,10,2026-03-08T01:07:05.713Z,تحليل البيانات الضخمة للأعمال | Bright AI السعودية
https://brightai.site/frontend/pages/blogger/big-data-analysis.html,https://brightai.site/job.MAISco,404,12,2026-03-08T01:26:48.653Z,تحليل البيانات الضخمة للأعمال | Bright AI السعودية
https://brightai.site/frontend/pages/blogger/atou.doc.html,https://brightai.site/job.MAISco,404,12,2026-03-08T01:26:48.653Z,أتمتة العمليات الذكية | حلول Bright AI المتكاملة لتحويل
https://brightai.site/frontend/pages/blogger/ai.html,https://brightai.site/job.MAISco,404,11,2026-03-08T01:26:48.653Z,كيف يمكن للذكاء الاصطناعي تحسين أداء الشركات | Bright AI
https://brightai.site/frontend/pages/blogger/ai-transformation.html,https://brightai.site/job.MAISco,404,13,2026-03-08T01:26:48.653Z,كيف تُحدث حلول الذكاء الاصطناعي المبتكرة تحولًا في الأعمال
https://brightai.site/frontend/pages/blogger/ai-innovation-saudi-arabia.html,https://brightai.site/job.MAISco,404,11,2026-03-08T01:26:48.653Z,5 طرق لتعزيز الابتكار من خلال الذكاء الاصطناعي في السعودية | Bright AI
https://brightai.site/frontend/pages/blogger/ai-healthcare-saudi.html,https://brightai.site/job.MAISco,404,11,2026-03-08T01:26:48.653Z,الذكاء الاصطناعي في القطاع الصحي السعودي: تشخيص | Bright AI
https://brightai.site/frontend/pages/blogger/ai-generative-content-industry-saudi-arabia.html,https://brightai.site/job.MAISco,404,12,2026-03-08T01:26:48.653Z,تأثير الذكاء الاصطناعي التوليدي على صناعة المحتوى في
https://brightai.site/frontend/pages/blogger/ai-finance-saudi.html,https://brightai.site/demo,404,10,2026-03-08T01:26:48.653Z,الذكاء الاصطناعي للقطاع المالي السعودي | مصرفية أذكى
https://brightai.site/frontend/pages/blogger/ai-finance-saudi.html,https://brightai.site/job.MAISco,404,12,2026-03-08T01:26:48.653Z,الذكاء الاصطناعي للقطاع المالي السعودي | مصرفية أذكى
https://brightai.site/frontend/pages/blogger/ai-energy-saudi.html,https://brightai.site/job.MAISco,404,11,2026-03-08T01:26:48.653Z,الذكاء الاصطناعي في قطاع الطاقة السعودي | كفاءة أعلى
https://brightai.site/frontend/pages/blogger/ai-agent.html,https://brightai.site/job.MAISco,404,12,2026-03-08T01:26:48.653Z,وكيل الذكاء الاصطناعي للشركات | Bright AI السعودية
https://brightai.site/frontend/pages/blogger/Generative-artificial-intelligence.html,https://brightai.site/job.MAISco,404,12,2026-03-08T01:26:48.653Z,الذكاء الاصطناعي التوليدي: ثورة في عالم الإبداع | Bright AI
https://brightai.site/frontend/pages/blog/data-analytics/power-bi-saudi-guide.html,https://brightai.site/job.MAISco,404,12,2026-03-08T01:26:48.653Z,Power BI للشركات السعودية: دليل البداية الشامل | Bright AI
https://brightai.site/frontend/pages/blog/data-analytics/kpi-dashboard-guide.html,https://brightai.site/job.MAISco,404,11,2026-03-08T01:26:48.653Z,كيف تبني لوحة معلومات KPIs لمنشأتك خطوة بخطوة | Bright AI
https://brightai.site/frontend/pages/ai-workflows/,https://brightai.site/demo,404,13,2026-03-08T01:26:48.653Z,سير عمل الذكاء الاصطناعي للشركات السعودية | Bright AI
https://brightai.site/frontend/pages/ai-workflows/,https://brightai.site/job.MAISco,404,15,2026-03-08T01:26:48.653Z,سير عمل الذكاء الاصطناعي للشركات السعودية | Bright AI
https://brightai.site/frontend/pages/ai-scolecs/,https://brightai.site/job.MAISco,404,14,2026-03-08T01:26:48.653Z,المنصة التعليمية الذكية | Bright AI
https://brightai.site/frontend/pages/ai-bots/BrightSupport/,https://brightai.site/job.MAISco,404,12,2026-03-08T01:26:48.653Z,BrightSupport - روبوت خدمة العملاء الذكي
https://brightai.site/frontend/pages/ai-bots/BrightSales/,https://brightai.site/job.MAISco,404,12,2026-03-08T01:26:48.653Z,BrightSales | روبوت المبيعات الذكي في السعودية
https://brightai.site/frontend/pages/ai-bots/BrightRecruiter/,https://brightai.site/job.MAISco,404,12,2026-03-08T01:26:48.653Z,BrightRecruiter | روبوت التوظيف الذكي في السعودية
https://brightai.site/frontend/pages/ai-bots/BrightProject/,https://brightai.site/job.MAISco,404,12,2026-03-08T01:26:48.653Z,BrightProject | روبوت إدارة المشاريع الذكي في السعودية
https://brightai.site/frontend/pages/ai-bots/BrightMath/,https://brightai.site/job.MAISco,404,13,2026-03-08T01:26:48.653Z,BrightMath | مساعد الرياضيات الذكي في السعودية
https://brightai.site/docs/terms-and-conditions-en,https://brightai.site/interview,404,10,2026-03-08T01:26:48.653Z,Terms & Conditions | Bright AI - The Fine Print
https://brightai.site/docs/terms-and-conditions,https://brightai.site/interview,404,10,2026-03-08T01:26:48.653Z,الشروط والأحكام | Bright AI - شروط استخدام خدماتنا
https://brightai.site/docs/solutions-supply-chain-en,https://brightai.site/interview,404,10,2026-03-08T01:26:48.653Z,Supply Chain Management | Bright AI - Plan Ahead
https://brightai.site/docs/solutions-supply-chain,https://brightai.site/interview,404,10,2026-03-08T01:26:48.653Z,إدارة سلسلة الإمداد (SCM) | Bright AI - تخطيط الطلب والمخزون
https://brightai.site/docs/solutions-retail-en,https://brightai.site/interview,404,10,2026-03-08T01:26:48.653Z,Retail & E-commerce | Bright AI - Sell Smarter
https://brightai.site/docs/solutions-retail,https://brightai.site/interview,404,10,2026-03-08T01:26:48.653Z,حلول التجزئة والتجارة الإلكترونية | Bright AI - بيع بذكاء
https://brightai.site/docs/solutions-ocr-en,https://brightai.site/interview,404,10,2026-03-08T01:26:48.653Z,Intelligent Document Processing (OCR) | Bright AI
https://brightai.site/docs/solutions-ocr,https://brightai.site/interview,404,10,2026-03-08T01:26:48.653Z,معالجة المستندات الذكية (OCR) | Bright AI
https://brightai.site/docs/solutions-ocr,https://brightai.site/demo/ocr-demo,404,12,2026-03-08T01:26:48.653Z,معالجة المستندات الذكية (OCR) | Bright AI
https://brightai.site/docs/solutions-logistics-en,https://brightai.site/interview,404,10,2026-03-08T01:26:48.653Z,Logistics & Fleet | Bright AI السعودية
https://brightai.site/docs/solutions-logistics,https://brightai.site/interview,404,10,2026-03-08T01:26:48.653Z,حلول اللوجستيات والنقل الذكي | Bright AI
https://brightai.site/docs/solutions-interview-en,https://brightai.site/interview,404,10,2026-03-08T01:26:48.653Z,Smart Hiring | Bright AI - Recruitment on Autopilot
https://brightai.site/docs/solutions-interview,https://brightai.site/interview,404,10,2026-03-08T01:26:48.653Z,حلول الموارد البشرية والتوظيف | Bright AI - وظف بذكاء
https://brightai.site/docs/solutions-hr-en,https://brightai.site/interview,404,10,2026-03-08T01:26:48.653Z,HR Management (HRMS) | Bright AI - Payroll & Automation
https://brightai.site/docs/solutions-hr,https://brightai.site/interview,404,10,2026-03-08T01:26:48.653Z,إدارة الموارد البشرية (HRMS) | Bright AI - رواتب وأتمتة
https://brightai.site/docs/solutions-healthcare-en,https://brightai.site/interview,404,10,2026-03-08T01:26:48.653Z,Healthcare Solutions | Bright AI - Smart Medicine
https://brightai.site/docs/solutions-healthcare,https://brightai.site/interview,404,10,2026-03-08T01:26:48.653Z,حلول الرعاية الصحية | Bright AI - الطب المتصل والذكي
https://brightai.site/docs/solutions-finance-en,https://brightai.site/interview,404,10,2026-03-08T01:26:48.653Z,Fintech Solutions | Bright AI - Smart & Secure
https://brightai.site/docs/solutions-finance,https://brightai.site/interview,404,11,2026-03-08T01:26:48.653Z,حلول المالية (Fintech) | Bright AI - كشف الاحتيال والامتثال
https://brightai.site/docs/solutions-crm-en,https://brightai.site/interview,404,10,2026-03-08T01:26:48.653Z,Smart CRM Solutions | Bright AI - Know Your Customer
https://brightai.site/docs/solutions-crm,https://brightai.site/interview,404,10,2026-03-08T01:26:48.653Z,إدارة علاقات العملاء الذكية (CRM) | Bright AI
https://brightai.site/docs/solutions-bi-en,https://brightai.site/interview,404,10,2026-03-08T01:26:48.653Z,Business Intelligence (BI) | Bright AI
https://brightai.site/docs/solutions-bi,https://brightai.site/interview,404,10,2026-03-08T01:26:48.653Z,ذكاء الأعمال (BI) | Bright AI - لوحات تحكم تفاعلية
https://brightai.site/docs/smart-automation-en,https://brightai.site/interview,404,11,2026-03-08T01:26:48.653Z,RPA Automation | Bright AI - Smart Work
https://brightai.site/docs/smart-automation,https://brightai.site/interview,404,11,2026-03-08T01:26:48.653Z,أتمتة العمليات RPA | Bright AI - أتمتة ذكية للشركات
https://brightai.site/docs/services-overview-en,https://brightai.site/interview,404,13,2026-03-08T01:26:48.653Z,Bright AI Services for Saudi Enterprises | AI Solutions &
https://brightai.site/docs/services-overview,https://brightai.site/interview,404,13,2026-03-08T01:26:48.653Z,خدمات Bright AI | حلول ذكاء اصطناعي متكاملة للشركات السعودية
https://brightai.site/docs/privacy-policy-en,https://brightai.site/interview,404,10,2026-03-08T01:26:48.653Z,Privacy Policy | Bright AI - How We Protect Your Data
https://brightai.site/docs/privacy-policy,https://brightai.site/interview,404,10,2026-03-08T01:26:48.653Z,سياسة الخصوصية | Bright AI - حماية بياناتك أولويتنا
https://brightai.site/docs/openapi,https://brightai.site/interview,404,10,2026-03-08T01:26:48.653Z,Bright AI API Documentation - وثائق واجهة برمجة التطبيقات
https://brightai.site/docs/faq-en,https://brightai.site/interview,404,10,2026-03-08T01:26:48.653Z,FAQ | Bright AI - Got Questions? We Got Answers 💡
https://brightai.site/docs/faq,https://brightai.site/interview,404,10,2026-03-08T01:26:48.653Z,الأسئلة الشائعة | Bright AI - كل ما تحتاج معرفته
https://brightai.site/docs/data-analysis-en,https://brightai.site/interview,404,11,2026-03-08T01:26:48.653Z,Data Analysis | Bright AI - Intelligence for Decision Making
https://brightai.site/docs/data-analysis,https://brightai.site/interview,404,11,2026-03-08T01:26:48.653Z,تحليل البيانات | Bright AI - ذكاء الأعمال والقرارات
https://brightai.site/docs/contact-en,https://brightai.site/interview,404,11,2026-03-08T01:26:48.653Z,Contact Us | Bright AI - Get in Touch
https://brightai.site/docs/contact,https://brightai.site/interview,404,12,2026-03-08T01:26:48.653Z,اتصل بنا | Bright AI - تواصل معنا اليوم
https://brightai.site/docs/consultation-en,https://brightai.site/interview,404,11,2026-03-08T01:26:48.653Z,Tech Consultation | Bright AI السعودية
https://brightai.site/docs/consultation,https://brightai.site/interview,404,12,2026-03-08T01:26:48.653Z,استشارات تقنية | Bright AI - خارطة الطريق للتحول الرقمي
https://brightai.site/docs/ai-bots-en,https://brightai.site/interview,404,10,2026-03-08T01:26:48.653Z,Smart Chatbots | Bright AI - Arabic AI Assistants
https://brightai.site/docs/ai-bots,https://brightai.site/interview,404,10,2026-03-08T01:26:48.653Z,روبوتات المحادثة الذكية | Bright AI - شات بوت عربي
https://brightai.site/docs/ai-agent-en,https://brightai.site/interview,404,11,2026-03-08T01:26:48.653Z,AIaaS - AI As A Service | Bright AI
https://brightai.site/docs/ai-agent,https://brightai.site/interview,404,11,2026-03-08T01:26:48.653Z,AIaaS - الذكاء الاصطناعي كخدمة | Bright AI
https://brightai.site/docs,https://brightai.site/demo/resources/report-ai-saudi-2026,404,12,2026-03-08T01:26:48.653Z,مركز المستندات | Bright AI - دليلك الشامل للحلول الذكية
https://brightai.site/docs,https://brightai.site/job.MAISco,404,10,2026-03-08T01:26:48.653Z,مركز المستندات | Bright AI - دليلك الشامل للحلول الذكية
https://brightai.site/data-analysis/,https://brightai.site/try/data-analyzer,404,12,2026-03-08T01:26:48.653Z,تحليل البيانات بـ AI | Bright AI
https://brightai.site/data-analysis/,https://brightai.site/demo/ocr-demo,404,14,2026-03-08T01:26:48.653Z,تحليل البيانات بـ AI | Bright AI
https://brightai.site/data-analysis/,https://brightai.site/demo/resources/report-ai-saudi-2026,404,15,2026-03-08T01:26:48.653Z,تحليل البيانات بـ AI | Bright AI
https://brightai.site/contact/,https://brightai.site/interview,404,13,2026-03-08T01:26:48.653Z,تواصل معنا اليوم | Bright AI الرياض
https://brightai.site/consultation/,https://brightai.site/interview,404,11,2026-03-08T01:26:48.653Z,استشارة ذكاء اصطناعي | Bright AI
https://brightai.site/consultation/,https://brightai.site/interview/Presentation,404,12,2026-03-08T01:26:48.653Z,استشارة ذكاء اصطناعي | Bright AI
https://brightai.site/blog/,https://brightai.site/demo/resources/report-ai-saudi-2026,404,16,2026-03-08T01:26:48.653Z,مدونة AI للشركات السعودية | Bright AI
https://brightai.site/blog/,https://brightai.site/job.MAISco,404,15,2026-03-08T01:26:48.653Z,مدونة AI للشركات السعودية | Bright AI
https://brightai.site/ai-bots/,https://brightai.site/job.MAISco,404,13,2026-03-08T01:26:48.653Z,روبوتات ذكاء اصطناعي متقدمة للشركات السعودية | Bright AI
https://brightai.site/ai-bots/,https://brightai.site/interview,404,12,2026-03-08T01:26:48.653Z,روبوتات ذكاء اصطناعي متقدمة للشركات السعودية | Bright AI
https://brightai.site/ai-agent/,https://brightai.site/demo,404,15,2026-03-08T01:26:48.653Z,الذكاء الاصطناعي كخدمة (AIaaS) للشركات السعودية | Bright AI
https://brightai.site/ai-agent/,https://brightai.site/interview,404,14,2026-03-08T01:26:48.653Z,الذكاء الاصطناعي كخدمة (AIaaS) للشركات السعودية | Bright AI
https://brightai.site/about/,https://brightai.site/demo,404,16,2026-03-08T01:26:48.653Z,من نحن في Bright AI السعودية | خبرتنا
https://brightai.site/about/,https://brightai.site/job.MAISco,404,17,2026-03-08T01:26:48.653Z,من نحن في Bright AI السعودية | خبرتنا
https://brightai.site/,https://brightai.site/try/data-quality,404,18,2026-03-08T01:26:48.653Z,Bright AI | حلول ذكاء اصطناعي للشركات | شركة ذكاء اصطناعي في السعودية
https://brightai.site/,https://brightai.site/interview,404,17,2026-03-08T01:26:48.653Z,Bright AI | حلول ذكاء اصطناعي للشركات | شركة ذكاء اصطناعي في السعودية
https://brightai.site/,https://brightai.site/try/data-analyzer,404,16,2026-03-08T01:26:48.653Z,Bright AI | حلول ذكاء اصطناعي للشركات | شركة ذكاء اصطناعي في السعودية
https://brightai.site/,https://brightai.site/try/text-analysis,404,19,2026-03-08T01:26:48.653Z,Bright AI | حلول ذكاء اصطناعي للشركات | شركة ذكاء اصطناعي في السعودية
