"Page URL","Broken Link URL","HTTP Code"
"https://brightai.site/what-is-ai/","https://brightai.site/ai-scolecs","404"
"https://brightai.site/what-is-ai/","https://brightai.site/smart-medical-archive","404"
"https://brightai.site/what-is-ai/","https://brightai.site/try","404"
"https://brightai.site/tools/","https://brightai.site/ai-scolecs","404"
"https://brightai.site/tools/","https://brightai.site/ai-bots/BrightSupport","404"
"https://brightai.site/tools/","https://brightai.site/try","404"
"https://brightai.site/tools/","https://brightai.site/smart-medical-archive","404"
"https://brightai.site/smart-automation/","https://brightai.site/ai-scolecs","404"
"https://brightai.site/smart-automation/","https://brightai.site/blog/saudi-factory-ai-productivity","404"
"https://brightai.site/smart-automation/","https://brightai.site/blog/process-automation","404"
"https://brightai.site/smart-automation/","https://brightai.site/ai-workflows","404"
"https://brightai.site/smart-automation/","https://brightai.site/blog/smart-automation-benefits","404"
"https://brightai.site/smart-automation/","https://brightai.site/try","404"
"https://brightai.site/smart-automation/","https://brightai.site/smart-medical-archive","404"
"https://brightai.site/services/","https://brightai.site/smart-medical-archive","404"
"https://brightai.site/services/","https://brightai.site/ai-scolecs","404"
"https://brightai.site/services/","https://brightai.site/try","404"
"https://brightai.site/services/","https://brightai.site/demo/pricing","404"
"https://brightai.site/machine-learning/","https://brightai.site/try","404"
"https://brightai.site/machine-learning/","https://brightai.site/ai-scolecs","404"
"https://brightai.site/machine-learning/","https://brightai.site/smart-medical-archive","404"
"https://brightai.site/machine-learning/","https://brightai.site/privacy-cookies","404"
"https://brightai.site/health/","https://brightai.site/try","404"
"https://brightai.site/health/","https://brightai.site/ai-scolecs","404"
"https://brightai.site/health/","https://brightai.site/smart-medical-archive","404"
"https://brightai.site/frontend/pages/try/text-analysis/","https://brightai.site/smart-medical-archive","404"
"https://brightai.site/frontend/pages/try/text-analysis/","https://brightai.site/ai-scolecs","404"
"https://brightai.site/frontend/pages/try/text-analysis/","https://brightai.site/try","404"
"https://brightai.site/frontend/pages/try/data-quality/","https://brightai.site/ai-scolecs","404"
"https://brightai.site/frontend/pages/try/data-quality/","https://brightai.site/try","404"
"https://brightai.site/frontend/pages/try/data-quality/","https://brightai.site/smart-medical-archive","404"
"https://brightai.site/frontend/pages/try/data-analyzer/","https://brightai.site/ai-scolecs","404"
"https://brightai.site/frontend/pages/try/data-analyzer/","https://brightai.site/smart-medical-archive","404"
"https://brightai.site/frontend/pages/try/data-analyzer/","https://brightai.site/try","404"
"https://brightai.site/frontend/pages/interview/","https://brightai.site/try","404"
"https://brightai.site/frontend/pages/interview/","https://brightai.site/ai-scolecs","404"
"https://brightai.site/frontend/pages/interview/","https://brightai.site/ai-bots/BrightRecruiter","404"
"https://brightai.site/frontend/pages/interview/","https://brightai.site/smart-medical-archive","404"
"https://brightai.site/frontend/pages/demo/resources/report-ai-saudi-2026/","https://brightai.site/smart-medical-archive","404"
"https://brightai.site/frontend/pages/demo/resources/report-ai-saudi-2026/","https://brightai.site/ai-scolecs","404"
"https://brightai.site/frontend/pages/demo/resources/report-ai-saudi-2026/","https://brightai.site/try","404"
"https://brightai.site/frontend/pages/demo/resources/report-ai-saudi-2026/","https://brightai.site/demo/pricing","404"
"https://brightai.site/frontend/pages/demo/ocr-demo/","https://brightai.site/try","404"
"https://brightai.site/frontend/pages/demo/ocr-demo/","https://brightai.site/ai-scolecs","404"
"https://brightai.site/frontend/pages/demo/ocr-demo/","https://brightai.site/smart-medical-archive","404"
"https://brightai.site/frontend/pages/demo/ocr-demo/","https://brightai.site/demo/pricing","404"
"https://brightai.site/docs/terms-and-conditions-en","https://brightai.site/try","404"
"https://brightai.site/docs/terms-and-conditions-en","https://brightai.site/smart-medical-archive","404"
"https://brightai.site/docs/terms-and-conditions-en","https://brightai.site/ai-scolecs","404"
"https://brightai.site/docs/terms-and-conditions","https://brightai.site/smart-medical-archive","404"
"https://brightai.site/docs/terms-and-conditions","https://brightai.site/ai-scolecs","404"
"https://brightai.site/docs/terms-and-conditions","https://brightai.site/try","404"
"https://brightai.site/docs/solutions-supply-chain-en","https://brightai.site/sectors/healthcare","404"
"https://brightai.site/docs/solutions-supply-chain-en","https://brightai.site/smart-medical-archive","404"
"https://brightai.site/docs/solutions-supply-chain-en","https://brightai.site/ai-scolecs","404"
"https://brightai.site/docs/solutions-supply-chain-en","https://brightai.site/try","404"
"https://brightai.site/docs/solutions-supply-chain-en","https://brightai.site/sectors/logistics","404"
"https://brightai.site/docs/solutions-supply-chain-en","https://brightai.site/sectors/finance","404"
"https://brightai.site/docs/solutions-supply-chain","https://brightai.site/sectors/logistics","404"
"https://brightai.site/docs/solutions-supply-chain","https://brightai.site/sectors/healthcare","404"
"https://brightai.site/docs/solutions-supply-chain","https://brightai.site/smart-medical-archive","404"
"https://brightai.site/docs/solutions-supply-chain","https://brightai.site/ai-scolecs","404"
"https://brightai.site/docs/solutions-supply-chain","https://brightai.site/try","404"
"https://brightai.site/docs/solutions-supply-chain","https://brightai.site/sectors/finance","404"
"https://brightai.site/docs/solutions-retail-en","https://brightai.site/sectors/healthcare","404"
"https://brightai.site/docs/solutions-retail-en","https://brightai.site/smart-medical-archive","404"
"https://brightai.site/docs/solutions-retail-en","https://brightai.site/ai-scolecs","404"
"https://brightai.site/docs/solutions-retail-en","https://brightai.site/try","404"
"https://brightai.site/docs/solutions-retail-en","https://brightai.site/ai-bots/BrightSales","404"
"https://brightai.site/docs/solutions-retail-en","https://brightai.site/sectors/logistics","404"
"https://brightai.site/docs/solutions-retail-en","https://brightai.site/sectors/finance","404"
"https://brightai.site/docs/solutions-retail","https://brightai.site/ai-bots/BrightSales","404"
"https://brightai.site/docs/solutions-retail","https://brightai.site/sectors/healthcare","404"
"https://brightai.site/docs/solutions-retail","https://brightai.site/smart-medical-archive","404"
"https://brightai.site/docs/solutions-retail","https://brightai.site/ai-scolecs","404"
"https://brightai.site/docs/solutions-retail","https://brightai.site/try","404"
"https://brightai.site/docs/solutions-retail","https://brightai.site/sectors/finance","404"
"https://brightai.site/docs/solutions-retail","https://brightai.site/sectors/logistics","404"
"https://brightai.site/docs/solutions-ocr-en","https://brightai.site/smart-medical-archive","404"
"https://brightai.site/docs/solutions-ocr-en","https://brightai.site/ai-scolecs","404"
"https://brightai.site/docs/solutions-ocr-en","https://brightai.site/sectors/healthcare","404"
"https://brightai.site/docs/solutions-ocr-en","https://brightai.site/try","404"
"https://brightai.site/docs/solutions-ocr-en","https://brightai.site/sectors/logistics","404"
"https://brightai.site/docs/solutions-ocr-en","https://brightai.site/sectors/finance","404"
"https://brightai.site/docs/solutions-ocr","https://brightai.site/sectors/logistics","404"
"https://brightai.site/docs/solutions-ocr","https://brightai.site/sectors/finance","404"
"https://brightai.site/docs/solutions-ocr","https://brightai.site/try","404"
"https://brightai.site/docs/solutions-ocr","https://brightai.site/ai-scolecs","404"
"https://brightai.site/docs/solutions-ocr","https://brightai.site/smart-medical-archive","404"
"https://brightai.site/docs/solutions-ocr","https://brightai.site/sectors/healthcare","404"
"https://brightai.site/docs/solutions-logistics-en","https://brightai.site/sectors/healthcare","404"
"https://brightai.site/docs/solutions-logistics-en","https://brightai.site/sectors/finance","404"
"https://brightai.site/docs/solutions-logistics-en","https://brightai.site/sectors/logistics","404"
"https://brightai.site/docs/solutions-logistics-en","https://brightai.site/try","404"
"https://brightai.site/docs/solutions-logistics-en","https://brightai.site/ai-scolecs","404"
"https://brightai.site/docs/solutions-logistics-en","https://brightai.site/smart-medical-archive","404"
"https://brightai.site/docs/solutions-logistics","https://brightai.site/ai-scolecs","404"
"https://brightai.site/docs/solutions-logistics","https://brightai.site/smart-medical-archive","404"
"https://brightai.site/docs/solutions-logistics","https://brightai.site/try","404"
"https://brightai.site/docs/solutions-logistics","https://brightai.site/sectors/healthcare","404"
"https://brightai.site/docs/solutions-logistics","https://brightai.site/sectors/logistics","404"
"https://brightai.site/docs/solutions-logistics","https://brightai.site/sectors/finance","404"
"https://brightai.site/docs/solutions-interview-en","https://brightai.site/sectors/healthcare","404"
"https://brightai.site/docs/solutions-interview-en","https://brightai.site/ai-scolecs","404"
"https://brightai.site/docs/solutions-interview-en","https://brightai.site/smart-medical-archive","404"
"https://brightai.site/docs/solutions-interview-en","https://brightai.site/try","404"
"https://brightai.site/docs/solutions-interview-en","https://brightai.site/sectors/logistics","404"
"https://brightai.site/docs/solutions-interview-en","https://brightai.site/sectors/finance","404"
"https://brightai.site/docs/solutions-interview","https://brightai.site/sectors/logistics","404"
"https://brightai.site/docs/solutions-interview","https://brightai.site/sectors/finance","404"
"https://brightai.site/docs/solutions-interview","https://brightai.site/sectors/healthcare","404"
"https://brightai.site/docs/solutions-interview","https://brightai.site/smart-medical-archive","404"
"https://brightai.site/docs/solutions-interview","https://brightai.site/ai-scolecs","404"
"https://brightai.site/docs/solutions-interview","https://brightai.site/try","404"
"https://brightai.site/docs/solutions-hr-en","https://brightai.site/sectors/finance","404"
"https://brightai.site/docs/solutions-hr-en","https://brightai.site/sectors/logistics","404"
"https://brightai.site/docs/solutions-hr-en","https://brightai.site/try","404"
"https://brightai.site/docs/solutions-hr-en","https://brightai.site/ai-scolecs","404"
"https://brightai.site/docs/solutions-hr-en","https://brightai.site/smart-medical-archive","404"
"https://brightai.site/docs/solutions-hr-en","https://brightai.site/sectors/healthcare","404"
"https://brightai.site/docs/solutions-hr","https://brightai.site/sectors/healthcare","404"
"https://brightai.site/docs/solutions-hr","https://brightai.site/smart-medical-archive","404"
"https://brightai.site/docs/solutions-hr","https://brightai.site/ai-scolecs","404"
"https://brightai.site/docs/solutions-hr","https://brightai.site/try","404"
"https://brightai.site/docs/solutions-hr","https://brightai.site/sectors/finance","404"
"https://brightai.site/docs/solutions-hr","https://brightai.site/sectors/logistics","404"
"https://brightai.site/docs/solutions-healthcare-en","https://brightai.site/sectors/logistics","404"
"https://brightai.site/docs/solutions-healthcare-en","https://brightai.site/ai-scolecs","404"
"https://brightai.site/docs/solutions-healthcare-en","https://brightai.site/sectors/finance","404"
"https://brightai.site/docs/solutions-healthcare-en","https://brightai.site/sectors/healthcare","404"
"https://brightai.site/docs/solutions-healthcare-en","https://brightai.site/smart-medical-archive","404"
"https://brightai.site/docs/solutions-healthcare-en","https://brightai.site/try","404"
"https://brightai.site/docs/solutions-healthcare","https://brightai.site/try","404"
"https://brightai.site/docs/solutions-healthcare","https://brightai.site/sectors/healthcare","404"
"https://brightai.site/docs/solutions-healthcare","https://brightai.site/smart-medical-archive","404"
"https://brightai.site/docs/solutions-healthcare","https://brightai.site/ai-scolecs","404"
"https://brightai.site/docs/solutions-healthcare","https://brightai.site/sectors/finance","404"
"https://brightai.site/docs/solutions-healthcare","https://brightai.site/sectors/logistics","404"
"https://brightai.site/docs/solutions-finance-en","https://brightai.site/sectors/healthcare","404"
"https://brightai.site/docs/solutions-finance-en","https://brightai.site/smart-medical-archive","404"
"https://brightai.site/docs/solutions-finance-en","https://brightai.site/ai-scolecs","404"
"https://brightai.site/docs/solutions-finance-en","https://brightai.site/try","404"
"https://brightai.site/docs/solutions-finance-en","https://brightai.site/sectors/logistics","404"
"https://brightai.site/docs/solutions-finance-en","https://brightai.site/sectors/finance","404"
"https://brightai.site/docs/solutions-finance","https://brightai.site/try","404"
"https://brightai.site/docs/solutions-finance","https://brightai.site/smart-medical-archive","404"
"https://brightai.site/docs/solutions-finance","https://brightai.site/ai-scolecs","404"
"https://brightai.site/docs/solutions-finance","https://brightai.site/sectors/logistics","404"
"https://brightai.site/docs/solutions-finance","https://brightai.site/sectors/finance","404"
"https://brightai.site/docs/solutions-finance","https://brightai.site/sectors/healthcare","404"
"https://brightai.site/docs/solutions-crm-en","https://brightai.site/sectors/logistics","404"
"https://brightai.site/docs/solutions-crm-en","https://brightai.site/sectors/finance","404"
"https://brightai.site/docs/solutions-crm-en","https://brightai.site/try","404"
"https://brightai.site/docs/solutions-crm-en","https://brightai.site/ai-scolecs","404"
"https://brightai.site/docs/solutions-crm-en","https://brightai.site/smart-medical-archive","404"
"https://brightai.site/docs/solutions-crm-en","https://brightai.site/sectors/healthcare","404"
"https://brightai.site/docs/solutions-crm","https://brightai.site/smart-medical-archive","404"
"https://brightai.site/docs/solutions-crm","https://brightai.site/ai-scolecs","404"
"https://brightai.site/docs/solutions-crm","https://brightai.site/try","404"
"https://brightai.site/docs/solutions-crm","https://brightai.site/sectors/logistics","404"
"https://brightai.site/docs/solutions-crm","https://brightai.site/sectors/finance","404"
"https://brightai.site/docs/solutions-crm","https://brightai.site/sectors/healthcare","404"
"https://brightai.site/docs/solutions-bi-en","https://brightai.site/sectors/healthcare","404"
"https://brightai.site/docs/solutions-bi-en","https://brightai.site/smart-medical-archive","404"
"https://brightai.site/docs/solutions-bi-en","https://brightai.site/ai-scolecs","404"
"https://brightai.site/docs/solutions-bi-en","https://brightai.site/try","404"
"https://brightai.site/docs/solutions-bi-en","https://brightai.site/sectors/logistics","404"
"https://brightai.site/docs/solutions-bi-en","https://brightai.site/sectors/finance","404"
"https://brightai.site/docs/solutions-bi","https://brightai.site/sectors/healthcare","404"
"https://brightai.site/docs/solutions-bi","https://brightai.site/smart-medical-archive","404"
"https://brightai.site/docs/solutions-bi","https://brightai.site/try","404"
"https://brightai.site/docs/solutions-bi","https://brightai.site/sectors/logistics","404"
"https://brightai.site/docs/solutions-bi","https://brightai.site/sectors/finance","404"
"https://brightai.site/docs/solutions-bi","https://brightai.site/ai-scolecs","404"
"https://brightai.site/docs/smart-automation-en","https://brightai.site/smart-medical-archive","404"
"https://brightai.site/docs/smart-automation-en","https://brightai.site/ai-scolecs","404"
"https://brightai.site/docs/smart-automation-en","https://brightai.site/try","404"
"https://brightai.site/docs/smart-automation","https://brightai.site/smart-medical-archive","404"
"https://brightai.site/docs/smart-automation","https://brightai.site/ai-scolecs","404"
"https://brightai.site/docs/smart-automation","https://brightai.site/try","404"
"https://brightai.site/docs/services-overview-en","https://brightai.site/try","404"
"https://brightai.site/docs/services-overview-en","https://brightai.site/ai-scolecs","404"
"https://brightai.site/docs/services-overview-en","https://brightai.site/smart-medical-archive","404"
"https://brightai.site/docs/services-overview","https://brightai.site/ai-scolecs","404"
"https://brightai.site/docs/services-overview","https://brightai.site/try","404"
"https://brightai.site/docs/services-overview","https://brightai.site/smart-medical-archive","404"
"https://brightai.site/docs/privacy-policy-en","https://brightai.site/ai-scolecs","404"
"https://brightai.site/docs/privacy-policy-en","https://brightai.site/try","404"
"https://brightai.site/docs/privacy-policy-en","https://brightai.site/smart-medical-archive","404"
"https://brightai.site/docs/privacy-policy","https://brightai.site/ai-scolecs","404"
"https://brightai.site/docs/privacy-policy","https://brightai.site/try","404"
"https://brightai.site/docs/privacy-policy","https://brightai.site/smart-medical-archive","404"
"https://brightai.site/docs/openapi","https://brightai.site/try","404"
"https://brightai.site/docs/openapi","https://brightai.site/ai-scolecs","404"
"https://brightai.site/docs/openapi","https://brightai.site/smart-medical-archive","404"
"https://brightai.site/docs/faq-en","https://brightai.site/smart-medical-archive","404"
"https://brightai.site/docs/faq-en","https://brightai.site/ai-scolecs","404"
"https://brightai.site/docs/faq-en","https://brightai.site/try","404"
"https://brightai.site/docs/faq","https://brightai.site/try","404"
"https://brightai.site/docs/faq","https://brightai.site/ai-scolecs","404"
"https://brightai.site/docs/faq","https://brightai.site/smart-medical-archive","404"
"https://brightai.site/docs/data-analysis-en","https://brightai.site/smart-medical-archive","404"
"https://brightai.site/docs/data-analysis-en","https://brightai.site/ai-scolecs","404"
"https://brightai.site/docs/data-analysis-en","https://brightai.site/try","404"
"https://brightai.site/docs/data-analysis","https://brightai.site/try","404"
"https://brightai.site/docs/data-analysis","https://brightai.site/ai-scolecs","404"
"https://brightai.site/docs/data-analysis","https://brightai.site/smart-medical-archive","404"
"https://brightai.site/docs/contact-en","https://brightai.site/try","404"
"https://brightai.site/docs/contact-en","https://brightai.site/ai-scolecs","404"
"https://brightai.site/docs/contact-en","https://brightai.site/smart-medical-archive","404"
"https://brightai.site/docs/contact","https://brightai.site/try","404"
"https://brightai.site/docs/contact","https://brightai.site/ai-scolecs","404"
"https://brightai.site/docs/contact","https://brightai.site/smart-medical-archive","404"
"https://brightai.site/docs/consultation-en","https://brightai.site/try","404"
"https://brightai.site/docs/consultation-en","https://brightai.site/ai-scolecs","404"
"https://brightai.site/docs/consultation-en","https://brightai.site/smart-medical-archive","404"
"https://brightai.site/docs/consultation","https://brightai.site/smart-medical-archive","404"
"https://brightai.site/docs/consultation","https://brightai.site/ai-scolecs","404"
"https://brightai.site/docs/consultation","https://brightai.site/try","404"
"https://brightai.site/docs/ai-bots-en","https://brightai.site/ai-bots/BrightSupport","404"
"https://brightai.site/docs/ai-bots-en","https://brightai.site/ai-bots/BrightSales","404"
"https://brightai.site/docs/ai-bots-en","https://brightai.site/ai-bots/BrightRecruiter","404"
"https://brightai.site/docs/ai-bots-en","https://brightai.site/try","404"
"https://brightai.site/docs/ai-bots-en","https://brightai.site/ai-scolecs","404"
"https://brightai.site/docs/ai-bots-en","https://brightai.site/smart-medical-archive","404"
"https://brightai.site/docs/ai-bots","https://brightai.site/smart-medical-archive","404"
"https://brightai.site/docs/ai-bots","https://brightai.site/ai-scolecs","404"
"https://brightai.site/docs/ai-bots","https://brightai.site/try","404"
"https://brightai.site/docs/ai-bots","https://brightai.site/ai-bots/BrightRecruiter","404"
"https://brightai.site/docs/ai-bots","https://brightai.site/ai-bots/BrightSupport","404"
"https://brightai.site/docs/ai-bots","https://brightai.site/ai-bots/BrightSales","404"
"https://brightai.site/docs/ai-agent-en","https://brightai.site/smart-medical-archive","404"
"https://brightai.site/docs/ai-agent-en","https://brightai.site/ai-scolecs","404"
"https://brightai.site/docs/ai-agent-en","https://brightai.site/try","404"
"https://brightai.site/docs/ai-agent","https://brightai.site/try","404"
"https://brightai.site/docs/ai-agent","https://brightai.site/smart-medical-archive","404"
"https://brightai.site/docs/ai-agent","https://brightai.site/ai-scolecs","404"
"https://brightai.site/docs","https://brightai.site/ai-scolecs","404"
"https://brightai.site/docs","https://brightai.site/smart-medical-archive","404"
"https://brightai.site/docs","https://brightai.site/try","404"
"https://brightai.site/data-analysis/","https://brightai.site/blog/data-analytics/kpi-dashboard-guide","404"
"https://brightai.site/data-analysis/","https://brightai.site/blog/data-analytics/power-bi-saudi-guide","404"
"https://brightai.site/data-analysis/","https://brightai.site/blog/intelligent-data-analysis","404"
"https://brightai.site/data-analysis/","https://brightai.site/blog/big-data-analysis","404"
"https://brightai.site/data-analysis/","https://brightai.site/blog/business-intelligence-saudi","404"
"https://brightai.site/data-analysis/","https://brightai.site/sectors/finance","404"
"https://brightai.site/contact/","https://brightai.site/try","404"
"https://brightai.site/contact/","https://brightai.site/ai-scolecs","404"
"https://brightai.site/contact/","https://brightai.site/ai-bots/BrightProject","404"
"https://brightai.site/contact/","https://brightai.site/ai-bots/BrightMath","404"
"https://brightai.site/contact/","https://brightai.site/smart-medical-archive","404"
"https://brightai.site/consultation/","https://brightai.site/blog/ai-transformation","404"
"https://brightai.site/consultation/","https://brightai.site/demo/pricing","404"
"https://brightai.site/consultation/","https://brightai.site/blog/nca-compliance","404"
"https://brightai.site/consultation/","https://brightai.site/ai-bots/BrightProject","404"
"https://brightai.site/consultation/","https://brightai.site/ai-bots/BrightMath","404"
"https://brightai.site/consultation/","https://brightai.site/ai-workflows","404"
"https://brightai.site/consultation/","https://brightai.site/blog/vision-2030-ai-opportunities","404"
"https://brightai.site/blog/","https://brightai.site/blog/saudi-factory-ai-productivity","404"
"https://brightai.site/blog/","https://brightai.site/blog/ai-agent","404"
"https://brightai.site/blog/","https://brightai.site/blog/saudi-hospitality-dynamic-pricing","404"
"https://brightai.site/blog/","https://brightai.site/blog/digital-banking-saudi","404"
"https://brightai.site/blog/","https://brightai.site/smart-medical-archive","404"
"https://brightai.site/blog/","https://brightai.site/blog/saudi-logistics-route-optimization","404"
"https://brightai.site/blog/","https://brightai.site/blog/saudi-energy-predictive-maintenance","404"
"https://brightai.site/blog/","https://brightai.site/blog/saudi-mining-ai-exploration","404"
"https://brightai.site/blog/","https://brightai.site/blog/process-automation","404"
"https://brightai.site/blog/","https://brightai.site/blog/ai-transformation","404"
"https://brightai.site/blog/","https://brightai.site/try","404"
"https://brightai.site/blog/","https://brightai.site/sectors/ecommerce","404"
"https://brightai.site/blog/","https://brightai.site/blog/saudi-bank-fraud-detection","404"
"https://brightai.site/blog/","https://brightai.site/blog/business-intelligence-data-analysis","404"
"https://brightai.site/blog/","https://brightai.site/blog/intelligent-data-analysis","404"
"https://brightai.site/blog/","https://brightai.site/blog/ksu-adaptive-learning","404"
"https://brightai.site/blog/","https://brightai.site/blog/vision-2030-ai-opportunities","404"
"https://brightai.site/blog/","https://brightai.site/blog/ai-energy-saudi","404"
"https://brightai.site/blog/","https://brightai.site/blog/saudi-sports-analytics-ai","404"
"https://brightai.site/blog/","https://brightai.site/blog/generative-artificial-intelligence","404"
"https://brightai.site/blog/","https://brightai.site/blog/big-data-analysis","404"
"https://brightai.site/blog/","https://brightai.site/blog/saudi-renewable-energy-ai","404"
"https://brightai.site/blog/","https://brightai.site/blog/saudi-smart-city-traffic","404"
"https://brightai.site/blog/","https://brightai.site/sectors/finance","404"
"https://brightai.site/blog/","https://brightai.site/blog/production-line","404"
"https://brightai.site/blog/","https://brightai.site/blog/saudi-manufacturing-predictive-maintenance","404"
"https://brightai.site/blog/","https://brightai.site/blog/saudi-real-estate-ai-valuation","404"
"https://brightai.site/blog/","https://brightai.site/blog/ai-healthcare-saudi","404"
"https://brightai.site/blog/","https://brightai.site/blog/data-analytics/power-bi-saudi-guide","404"
"https://brightai.site/blog/","https://brightai.site/blog/kfshrc-breast-cancer-ai","404"
"https://brightai.site/blog/","https://brightai.site/blog/saudi-edtech-personalized-learning","404"
"https://brightai.site/blog/","https://brightai.site/blog/saudi-insurance-claims-ai","404"
"https://brightai.site/blog/","https://brightai.site/blog/future-of-intelligent-data-analysis-finance-sector","404"
"https://brightai.site/blog/","https://brightai.site/blog/chatgpt-vs-claude-vs-gemini-arabic","404"
"https://brightai.site/blog/","https://brightai.site/blog/private-hospital-scheduling-optimization","404"
"https://brightai.site/blog/","https://brightai.site/blog/الذكاء-الاصطناعي-و-التسويق","404"
"https://brightai.site/blog/","https://brightai.site/blog/saudi-waste-management-ai","404"
"https://brightai.site/blog/","https://brightai.site/blog/smart-document-processing","404"
"https://brightai.site/blog/","https://brightai.site/blog/saudi-tourism-ai-guide","404"
"https://brightai.site/blog/","https://brightai.site/blog/ai-implementation-cost-guide","404"
"https://brightai.site/blog/","https://brightai.site/blog/ai-generative-content-industry-saudi-arabia","404"
"https://brightai.site/blog/","https://brightai.site/blog/business-intelligence-saudi","404"
"https://brightai.site/blog/","https://brightai.site/blog/top-ai-tools-saudi-2025","404"
"https://brightai.site/blog/","https://brightai.site/blog/nca-ai-compliance-saudi","404"
"https://brightai.site/blog/","https://brightai.site/blog/case-study-saudi-companies-ai-agents-customer-service","404"
"https://brightai.site/blog/","https://brightai.site/blog/saudi-petrochemical-ai-safety","404"
"https://brightai.site/blog/","https://brightai.site/blog/ai-finance-saudi","404"
"https://brightai.site/blog/","https://brightai.site/blog/saudi-ecommerce-ai-growth","404"
"https://brightai.site/blog/","https://brightai.site/blog/saudi-agritech-smart-farming","404"
"https://brightai.site/blog/","https://brightai.site/ai-scolecs","404"
"https://brightai.site/blog/","https://brightai.site/blog/atou.doc","404"
"https://brightai.site/blog/","https://brightai.site/blog/data-analytics/kpi-dashboard-guide","404"
"https://brightai.site/blog/","https://brightai.site/blog/hr-automation-case-study","404"
"https://brightai.site/blog/","https://brightai.site/blog/commerce-ministry-chatbot","404"
"https://brightai.site/blog/","https://brightai.site/sectors/healthcare","404"
"https://brightai.site/blog/","https://brightai.site/sectors/manufacturing","404"
"https://brightai.site/blog/","https://brightai.site/sectors/logistics","404"
"https://brightai.site/blog/","https://brightai.site/blog/smart-inventory-management","404"
"https://brightai.site/blog/","https://brightai.site/blog/smart-crm-system","404"
"https://brightai.site/blog/","https://brightai.site/privacy-cookies","404"
"https://brightai.site/blog/","https://brightai.site/blog/transport-logistics-solutions","404"
"https://brightai.site/blog/","https://brightai.site/blog/ai-innovation-saudi-arabia","404"
"https://brightai.site/blog/","https://brightai.site/blog/choose-ai-company-saudi","404"
"https://brightai.site/blog/","https://brightai.site/blog/smart-automation-benefits","404"
"https://brightai.site/blog/","https://brightai.site/blog/digital-health-smart-archive","404"
"https://brightai.site/blog/","https://brightai.site/blog/riyadh-municipality-ai-license","404"
"https://brightai.site/blog/","https://brightai.site/sectors/energy","404"
"https://brightai.site/blog/","https://brightai.site/blog/ai-guide-saudi-business","404"
"https://brightai.site/blog/","https://brightai.site/blog/nca-compliance","404"
"https://brightai.site/blog/","https://brightai.site/blog/ai","404"
"https://brightai.site/blog/","https://brightai.site/blog/saudi-dates-quality-ai","404"
"https://brightai.site/ai-bots/","https://brightai.site/try","404"
"https://brightai.site/ai-bots/","https://brightai.site/ai-bots/BrightProject","404"
"https://brightai.site/ai-bots/","https://brightai.site/smart-medical-archive","404"
"https://brightai.site/ai-bots/","https://brightai.site/ai-bots/BrightMath","404"
"https://brightai.site/ai-bots/","https://brightai.site/blog/generative-artificial-intelligence","404"
"https://brightai.site/ai-bots/","https://brightai.site/ai-scolecs","404"
"https://brightai.site/ai-bots/","https://brightai.site/ai-bots/BrightRecruiter","404"
"https://brightai.site/ai-bots/","https://brightai.site/blog/ai-agent","404"
"https://brightai.site/ai-bots/","https://brightai.site/privacy-cookies","404"
"https://brightai.site/ai-bots/","https://brightai.site/demo/pricing","404"
"https://brightai.site/ai-bots/","https://brightai.site/ai-bots/BrightSales","404"
"https://brightai.site/ai-bots/","https://brightai.site/ai-workflows","404"
"https://brightai.site/ai-bots/","https://brightai.site/ai-bots/BrightSupport","404"
"https://brightai.site/ai-bots/","https://brightai.site/blog/intelligent-data-analysis","404"
"https://brightai.site/ai-agent/","https://brightai.site/privacy-cookies","404"
"https://brightai.site/ai-agent/","https://brightai.site/blog/ai-agent","404"
"https://brightai.site/ai-agent/","https://brightai.site/blog/ai","404"
"https://brightai.site/ai-agent/","https://brightai.site/blog/ai-generative-content-industry-saudi-arabia","404"
"https://brightai.site/ai-agent/","https://brightai.site/ai-bots/BrightProject","404"
"https://brightai.site/ai-agent/","https://brightai.site/blog/case-study-saudi-companies-ai-agents-customer-service","404"
"https://brightai.site/ai-agent/","https://brightai.site/ai-bots/BrightMath","404"
"https://brightai.site/ai-agent/","https://brightai.site/blog/generative-artificial-intelligence","404"
"https://brightai.site/ai-agent/","https://brightai.site/ai-workflows","404"
"https://brightai.site/about/","https://brightai.site/privacy-cookies","404"
"https://brightai.site/about/","https://brightai.site/try","404"
"https://brightai.site/about/","https://brightai.site/ai-scolecs","404"
"https://brightai.site/about/","https://brightai.site/smart-medical-archive","404"
"https://brightai.site/","https://brightai.site/blog/saudi-edtech-personalized-learning","404"
"https://brightai.site/","https://brightai.site/blog/kfshrc-breast-cancer-ai","404"
"https://brightai.site/","https://brightai.site/blog/data-analytics/power-bi-saudi-guide","404"
"https://brightai.site/","https://brightai.site/blog/ai-healthcare-saudi","404"
"https://brightai.site/","https://brightai.site/blog/saudi-real-estate-ai-valuation","404"
"https://brightai.site/","https://brightai.site/blog/saudi-manufacturing-predictive-maintenance","404"
"https://brightai.site/","https://brightai.site/sectors/finance","404"
"https://brightai.site/","https://brightai.site/blog/saudi-renewable-energy-ai","404"
"https://brightai.site/","https://brightai.site/blog/ai-energy-saudi","404"
"https://brightai.site/","https://brightai.site/try","404"
"https://brightai.site/","https://brightai.site/sectors/healthcare","404"
"https://brightai.site/","https://brightai.site/blog/الأتمتة-المالية-وأتمتة-الموارد-البشرية-حلول-مستقبلية-للشركات-الذكية","404"
"https://brightai.site/","https://brightai.site/blog/smart-crm-system","404"
"https://brightai.site/","https://brightai.site/blog/smart-inventory-management","404"
"https://brightai.site/","https://brightai.site/blog/مقال-تحليل","404"
"https://brightai.site/","https://brightai.site/blog/الذكاء-الاصطناعي-و-التسويق","404"
"https://brightai.site/","https://brightai.site/blog/saudi-waste-management-ai","404"
"https://brightai.site/","https://brightai.site/blog/saudi-tourism-ai-guide","404"
"https://brightai.site/","https://brightai.site/blog/chatgpt-vs-claude-vs-gemini-arabic","404"
"https://brightai.site/","https://brightai.site/blog/future-of-intelligent-data-analysis-finance-sector","404"
"https://brightai.site/","https://brightai.site/blog/saudi-ecommerce-ai-growth","404"
"https://brightai.site/","https://brightai.site/blog/saudi-petrochemical-ai-safety","404"
"https://brightai.site/","https://brightai.site/blog/case-study-saudi-companies-ai-agents-customer-service","404"
"https://brightai.site/","https://brightai.site/blog/nca-ai-compliance-saudi","404"
"https://brightai.site/","https://brightai.site/blog/ai-transformation","404"
"https://brightai.site/","https://brightai.site/blog/أتمتة-الذكاء-الاصطناعي-حلول-مخصصة-لتحليل-المشاريع-وتحسين-محركات-البحث-1","404"
"https://brightai.site/","https://brightai.site/blog/تعلم-الآلة-و-الأعمال","404"
"https://brightai.site/","https://brightai.site/blog/ksu-adaptive-learning","404"
"https://brightai.site/","https://brightai.site/blog/saudi-hospitality-dynamic-pricing","404"
"https://brightai.site/","https://brightai.site/blog/private-hospital-scheduling-optimization","404"
"https://brightai.site/","https://brightai.site/blog/smart-document-processing","404"
"https://brightai.site/","https://brightai.site/blog/ai-agent","404"
"https://brightai.site/","https://brightai.site/blog/saudi-insurance-claims-ai","404"
"https://brightai.site/","https://brightai.site/blog/أتمتة-العمليات-باستخدام-الذكاء-الاصطناعي-الطريق-إلى-تحسين-الكفاءة-التشغيلية","404"
"https://brightai.site/","https://brightai.site/blog/process-automation","404"
"https://brightai.site/","https://brightai.site/blog/saudi-smart-city-traffic","404"
"https://brightai.site/","https://brightai.site/blog/big-data-analysis","404"
"https://brightai.site/","https://brightai.site/blog/generative-artificial-intelligence","404"
"https://brightai.site/","https://brightai.site/blog/saudi-sports-analytics-ai","404"
"https://brightai.site/","https://brightai.site/blog/vision-2030-ai-opportunities","404"
"https://brightai.site/","https://brightai.site/blog/digital-banking-saudi","404"
"https://brightai.site/","https://brightai.site/blog/intelligent-data-analysis","404"
"https://brightai.site/","https://brightai.site/blog/saudi-bank-fraud-detection","404"
"https://brightai.site/","https://brightai.site/sectors/ecommerce","404"
"https://brightai.site/","https://brightai.site/blog/production-line","404"
"https://brightai.site/","https://brightai.site/blog/تحليل-البيانات","404"
"https://brightai.site/","https://brightai.site/blog/choose-ai-company-saudi","404"
"https://brightai.site/","https://brightai.site/blog/digital-health-smart-archive","404"
"https://brightai.site/","https://brightai.site/blog/ai","404"
"https://brightai.site/","https://brightai.site/blog/saudi-dates-quality-ai","404"
"https://brightai.site/","https://brightai.site/blog/commerce-ministry-chatbot","404"
"https://brightai.site/","https://brightai.site/blog/hr-automation-case-study","404"
"https://brightai.site/","https://brightai.site/blog/data-analytics/kpi-dashboard-guide","404"
"https://brightai.site/","https://brightai.site/sectors/manufacturing","404"
"https://brightai.site/","https://brightai.site/privacy-cookies","404"
"https://brightai.site/","https://brightai.site/demo/pricing","404"
"https://brightai.site/","https://brightai.site/blog/التحول-الرقمي-وأتمتة-العمليات-كيف-يمكن-للذكاء-الاصطناعي-أن-يقود-الابتكار","404"
"https://brightai.site/","https://brightai.site/blog/ai-innovation-saudi-arabia","404"
"https://brightai.site/","https://brightai.site/blog/transport-logistics-solutions","404"
"https://brightai.site/","https://brightai.site/blog/الأتمتة-الصناعية-وأتمتة-المهام-المتكررة-كيفية-تحسين-الكفاءة-الإنتاجية","404"
"https://brightai.site/","https://brightai.site/sectors/logistics","404"
"https://brightai.site/","https://brightai.site/blog/riyadh-municipality-ai-license","404"
"https://brightai.site/","https://brightai.site/blog/التعلم-الآلي-والرؤية-الحاسوبية-مستقبل-الذكاء-الاصطناعي-في-معالجة-اللغة-الطبيعية-والتعرف-على-الصور","404"
"https://brightai.site/","https://brightai.site/sectors/energy","404"
"https://brightai.site/","https://brightai.site/blog/nca-compliance","404"
"https://brightai.site/","https://brightai.site/blog/smart-automation-benefits","404"
"https://brightai.site/","https://brightai.site/ai-scolecs","404"
"https://brightai.site/","https://brightai.site/blog/ai-generative-content-industry-saudi-arabia","404"
"https://brightai.site/","https://brightai.site/blog/atou.doc","404"
"https://brightai.site/","https://brightai.site/blog/saudi-agritech-smart-farming","404"
"https://brightai.site/","https://brightai.site/blog/ai-finance-saudi","404"
"https://brightai.site/","https://brightai.site/blog/saudi-factory-ai-productivity","404"
"https://brightai.site/","https://brightai.site/blog/business-intelligence-saudi","404"
"https://brightai.site/","https://brightai.site/blog/saudi-mining-ai-exploration","404"
"https://brightai.site/","https://brightai.site/ai-workflows","404"
"https://brightai.site/","https://brightai.site/blog/saudi-energy-predictive-maintenance","404"
"https://brightai.site/","https://brightai.site/blog/saudi-logistics-route-optimization","404"
"https://brightai.site/","https://brightai.site/smart-medical-archive","404"
