Page URL,Resource URL,Resource Type,Discovered
https://brightai.site,https://brightai.site/js/scroll-animations.js,javascript,19 Jan 2026 (20:50 UTC)
https://brightai.site/,https://brightai.site/js/scroll-animations.js,javascript,19 Jan 2026 (20:50 UTC)
https://brightai.site/Docs.html,https://brightai.site/css/unified-nav.css,css,19 Jan 2026 (20:50 UTC)
https://brightai.site/Docs.html,https://brightai.site/Docs.css,css,19 Jan 2026 (20:50 UTC)
https://brightai.site/Docs.html,https://brightai.site/Docs.js,javascript,19 Jan 2026 (20:50 UTC)
https://brightai.site/Docs.html,https://brightai.site/js/unified-nav.js,javascript,19 Jan 2026 (20:50 UTC)
https://brightai.site/about-us.html,https://brightai.site/js/unified-nav.js,javascript,19 Jan 2026 (20:50 UTC)
https://brightai.site/about-us.html,https://brightai.site/css/unified-nav.css,css,19 Jan 2026 (20:50 UTC)
https://brightai.site/about-us.html,https://brightai.site/css/unified-gradient.css,css,19 Jan 2026 (20:50 UTC)
https://brightai.site/ai-agent.html,https://brightai.site/js/unified-nav.js,javascript,19 Jan 2026 (20:50 UTC)
https://brightai.site/ai-agent.html,https://brightai.site/css/unified-nav.css,css,19 Jan 2026 (20:50 UTC)
https://brightai.site/ai-bots.html,https://brightai.site/ai-bots.css,css,19 Jan 2026 (20:50 UTC)
https://brightai.site/ai-bots.html,https://brightai.site/css/unified-nav.css,css,19 Jan 2026 (20:50 UTC)
https://brightai.site/ai-bots.html,https://brightai.site/js/unified-nav.js,javascript,19 Jan 2026 (20:50 UTC)
https://brightai.site/ai-bots.html,https://brightai.site/ai-bots.js,javascript,19 Jan 2026 (20:50 UTC)
https://brightai.site/blog,https://brightai.site/css/unified-nav.css,css,19 Jan 2026 (20:50 UTC)
https://brightai.site/blog,https://brightai.site/blog.css,css,19 Jan 2026 (20:50 UTC)
https://brightai.site/blog,https://brightai.site/js/unified-nav.js,javascript,19 Jan 2026 (20:50 UTC)
https://brightai.site/blog.html,https://brightai.site/css/unified-nav.css,css,19 Jan 2026 (20:50 UTC)
https://brightai.site/blog.html,https://brightai.site/blog.css,css,19 Jan 2026 (20:50 UTC)
https://brightai.site/blog.html,https://brightai.site/js/unified-nav.js,javascript,19 Jan 2026 (20:50 UTC)
https://brightai.site/blogger/ production-line.html,https://brightai.site/blog.css,css,19 Jan 2026 (20:50 UTC)
https://brightai.site/blogger/3.html,https://brightai.site/blog.css,css,19 Jan 2026 (20:50 UTC)
https://brightai.site/blogger/4.html,https://brightai.site/blog.css,css,19 Jan 2026 (20:50 UTC)
https://brightai.site/blogger/6v5m.html,https://brightai.site/blog.css,css,19 Jan 2026 (20:50 UTC)
https://brightai.site/blogger/agint-bblog.html,https://brightai.site/blog.css,css,19 Jan 2026 (20:50 UTC)
https://brightai.site/blogger/ai-agent.html,https://brightai.site/blog.css,css,19 Jan 2026 (20:50 UTC)
https://brightai.site/blogger/ai-generative-content-industry-saudi-arabia.html,https://brightai.site/blog.css,css,19 Jan 2026 (20:50 UTC)
https://brightai.site/blogger/ai-transformation.html,https://brightai.site/blog.css,css,19 Jan 2026 (20:50 UTC)
https://brightai.site/blogger/atou-job.html,https://brightai.site/blog.css,css,19 Jan 2026 (20:50 UTC)
https://brightai.site/blogger/big-data-analysis.html,https://brightai.site/blog.css,css,19 Jan 2026 (20:50 UTC)
https://brightai.site/blogger/case-study-saudi-companies-ai-agents-customer-service.html,https://brightai.site/blog.css,css,19 Jan 2026 (20:50 UTC)
https://brightai.site/blogger/digital.html,https://brightai.site/blog.css,css,19 Jan 2026 (20:50 UTC)
https://brightai.site/blogger/dxftt.html,https://brightai.site/blog.css,css,19 Jan 2026 (20:50 UTC)
https://brightai.site/blogger/future-of-intelligent-data-analysis-finance-sector.html,https://brightai.site/blog.css,css,19 Jan 2026 (20:50 UTC)
https://brightai.site/blogger/intelligent-data-analysis.html,https://brightai.site/blog.css,css,19 Jan 2026 (20:50 UTC)
https://brightai.site/blogger/process-automation.html,https://brightai.site/blog.css,css,19 Jan 2026 (20:50 UTC)
https://brightai.site/blogger/production-line.html,https://brightai.site/blog.css,css,19 Jan 2026 (20:50 UTC)
https://brightai.site/blogger/rcc.html,https://brightai.site/blog.css,css,19 Jan 2026 (20:50 UTC)
https://brightai.site/blogger/smart-automation-benefits.html,https://brightai.site/blog.css,css,19 Jan 2026 (20:50 UTC)
https://brightai.site/blogger/xsxd.html,https://brightai.site/blog.css,css,19 Jan 2026 (20:50 UTC)
https://brightai.site/consultation.html,https://brightai.site/css/unified-nav.css,css,19 Jan 2026 (20:50 UTC)
https://brightai.site/consultation.html,https://brightai.site/js/unified-nav.js,javascript,19 Jan 2026 (20:50 UTC)
https://brightai.site/contact.html,https://brightai.site/js/unified-nav.js,javascript,19 Jan 2026 (20:50 UTC)
https://brightai.site/contact.html,https://brightai.site/css/unified-nav.css,css,19 Jan 2026 (20:50 UTC)
https://brightai.site/data-analysis.html,https://brightai.site/css/unified-nav.css,css,19 Jan 2026 (20:50 UTC)
https://brightai.site/data-analysis.html,https://brightai.site/data-analysis.css,css,19 Jan 2026 (20:50 UTC)
https://brightai.site/data-analysis.html,https://brightai.site/js/unified-nav.js,javascript,19 Jan 2026 (20:50 UTC)
https://brightai.site/h/projects/interview/index.html,https://brightai.site/h/projects/interview/js/advanced-ai-analysis.js,javascript,19 Jan 2026 (20:50 UTC)
https://brightai.site/h/projects/interview/pages/admin.html,https://brightai.site/h/projects/interview/js/advanced-ai-analysis.js,javascript,19 Jan 2026 (20:50 UTC)
https://brightai.site/health-bright.html,https://brightai.site/css/unified-nav.css,css,19 Jan 2026 (20:50 UTC)
https://brightai.site/health-bright.html,https://brightai.site/js/unified-nav.js,javascript,19 Jan 2026 (20:50 UTC)
https://brightai.site/index.html,https://brightai.site/js/scroll-animations.js,javascript,19 Jan 2026 (20:50 UTC)
https://brightai.site/our-products-new.html,https://brightai.site/css/unified-nav.css,css,19 Jan 2026 (20:50 UTC)
https://brightai.site/our-products-new.html,https://brightai.site/css/design-tokens.css,css,19 Jan 2026 (20:50 UTC)
https://brightai.site/our-products-new.html,https://brightai.site/css/unified-gradient.css,css,19 Jan 2026 (20:50 UTC)
https://brightai.site/our-products-new.html,https://brightai.site/css/products-enhanced.css,css,19 Jan 2026 (20:50 UTC)
https://brightai.site/our-products-new.html,https://brightai.site/js/unified-nav.js,javascript,19 Jan 2026 (20:50 UTC)
https://brightai.site/our-products-new.html,https://brightai.site/our-products.css,css,19 Jan 2026 (20:50 UTC)
https://brightai.site/our-products-new.html,https://brightai.site/our-products.js,javascript,19 Jan 2026 (20:50 UTC)
https://brightai.site/our-products-new.html,https://brightai.site/js/products-manager.js,javascript,19 Jan 2026 (20:50 UTC)
https://brightai.site/our-products.html,https://brightai.site/our-products.js,javascript,19 Jan 2026 (20:50 UTC)
https://brightai.site/our-products.html,https://brightai.site/our-products.css,css,19 Jan 2026 (20:50 UTC)
https://brightai.site/our-products.html,https://brightai.site/css/unified-nav.css,css,19 Jan 2026 (20:50 UTC)
https://brightai.site/our-products.html,https://brightai.site/js/unified-nav.js,javascript,19 Jan 2026 (20:50 UTC)
https://brightai.site/smart-automation.html,https://brightai.site/smart-automation.js,javascript,19 Jan 2026 (20:50 UTC)
https://brightai.site/smart-automation.html,https://brightai.site/js/unified-nav.js,javascript,19 Jan 2026 (20:50 UTC)
https://brightai.site/smart-automation.html,https://brightai.site/smart-automation.css,css,19 Jan 2026 (20:50 UTC)
https://brightai.site/smart-automation.html,https://brightai.site/css/unified-nav.css,css,19 Jan 2026 (20:50 UTC)
https://brightai.site/tools.html,https://brightai.site/tools.css,css,19 Jan 2026 (20:50 UTC)
https://brightai.site/tools.html,https://brightai.site/css/unified-nav.css,css,19 Jan 2026 (20:50 UTC)
https://brightai.site/tools.html,https://brightai.site/tools.js,javascript,19 Jan 2026 (20:50 UTC)
https://brightai.site/tools.html,https://brightai.site/js/unified-nav.js,javascript,19 Jan 2026 (20:50 UTC)
https://brightai.site/what-is-ai.html,https://brightai.site/js/unified-nav.js,javascript,19 Jan 2026 (20:50 UTC)
https://brightai.site/what-is-ai.html,https://brightai.site/css/unified-nav.css,css,19 Jan 2026 (20:50 UTC)
