Page URL,Broken Link URL,HTTP Code,Discovered
https://brightai.site,https://brightai.site/h/index.html,404,19 Jan 2026 (20:50 UTC)
https://brightai.site,https://brightai.site/docs.html,404,19 Jan 2026 (20:50 UTC)
https://brightai.site,https://brightai.site/cdn-cgi/l/email-protection,404,19 Jan 2026 (20:50 UTC)
https://brightai.site,https://brightai.site/botAI/Saudi tourism and heritage services/index.html,404,19 Jan 2026 (20:50 UTC)
https://brightai.site/,https://brightai.site/botAI/Saudi tourism and heritage services/index.html,404,19 Jan 2026 (20:50 UTC)
https://brightai.site/,https://brightai.site/cdn-cgi/l/email-protection,404,19 Jan 2026 (20:50 UTC)
https://brightai.site/,https://brightai.site/docs.html,404,19 Jan 2026 (20:50 UTC)
https://brightai.site/,https://brightai.site/h/index.html,404,19 Jan 2026 (20:50 UTC)
https://brightai.site/Docfile/About.Bright.AI.html,https://brightai.site/Docfile/smart-automation.html,404,19 Jan 2026 (20:50 UTC)
https://brightai.site/Docfile/About.Bright.AI.html,https://brightai.site/Docfile/tools.html,404,19 Jan 2026 (20:50 UTC)
https://brightai.site/Docfile/About.Bright.AI.html,https://brightai.site/Docfile/data-analysis.html,404,19 Jan 2026 (20:50 UTC)
https://brightai.site/Docfile/About.Bright.AI.html,https://brightai.site/cdn-cgi/l/email-protection,404,19 Jan 2026 (20:50 UTC)
https://brightai.site/Docfile/About.Bright.AI.html,https://brightai.site/Docfile/blog.html,404,19 Jan 2026 (20:50 UTC)
https://brightai.site/Docfile/About.Bright.AI.html,https://brightai.site/Docfile/ai-agent.html,404,19 Jan 2026 (20:50 UTC)
https://brightai.site/Docfile/About.Bright.AI.html,https://brightai.site/Docfile/our-products.html,404,19 Jan 2026 (20:50 UTC)
https://brightai.site/Docfile/About.Bright.AI.html,https://brightai.site/Docfile/index.html,404,19 Jan 2026 (20:50 UTC)
https://brightai.site/Docfile/About.Bright.AI.html,https://brightai.site/Docfile/Docs.html,404,19 Jan 2026 (20:50 UTC)
https://brightai.site/Docfile/About.Bright.AI.html,https://brightai.site/Docfile/consultation.html,404,19 Jan 2026 (20:50 UTC)
https://brightai.site/Docs.html,https://brightai.site/h/index.html,404,19 Jan 2026 (20:50 UTC)
https://brightai.site/about-us.html,https://brightai.site/cdn-cgi/l/email-protection,404,19 Jan 2026 (20:50 UTC)
https://brightai.site/about-us.html,https://brightai.site/h/index.html,404,19 Jan 2026 (20:50 UTC)
https://brightai.site/ai-agent.html,https://brightai.site/h/index.html,404,19 Jan 2026 (20:50 UTC)
https://brightai.site/ai-agent.html,https://brightai.site/cdn-cgi/l/email-protection,404,19 Jan 2026 (20:50 UTC)
https://brightai.site/ai-bots.html,https://brightai.site/h/index.html,404,19 Jan 2026 (20:50 UTC)
https://brightai.site/ai-bots.html,https://brightai.site/Docs/,404,19 Jan 2026 (20:50 UTC)
https://brightai.site/ai-bots.html,https://brightai.site/cdn-cgi/l/email-protection,404,19 Jan 2026 (20:50 UTC)
https://brightai.site/ai-bots.html,https://brightai.site/blog/,404,19 Jan 2026 (20:50 UTC)
https://brightai.site/blog,https://brightai.site/article_2.html,404,19 Jan 2026 (20:50 UTC)
https://brightai.site/blog,https://brightai.site/blogger/ai in soudi.html,404,19 Jan 2026 (20:50 UTC)
https://brightai.site/blog,https://brightai.site/blogger/anal.html,404,19 Jan 2026 (20:50 UTC)
https://brightai.site/blog,https://brightai.site/data-benefits.html,404,19 Jan 2026 (20:50 UTC)
https://brightai.site/blog,https://brightai.site/blogger/will-ai-change-job-future-saudi-arabia.html,404,19 Jan 2026 (20:50 UTC)
https://brightai.site/blog,https://brightai.site/blogger/rc524.html,404,19 Jan 2026 (20:50 UTC)
https://brightai.site/blog,https://brightai.site/definitions.html,404,19 Jan 2026 (20:50 UTC)
https://brightai.site/blog,https://brightai.site/blogger/moneyy.html,404,19 Jan 2026 (20:50 UTC)
https://brightai.site/blog,https://brightai.site/article_3.html,404,19 Jan 2026 (20:50 UTC)
https://brightai.site/blog,https://brightai.site/automation-benefits.html,404,19 Jan 2026 (20:50 UTC)
https://brightai.site/blog,https://brightai.site/blogger/r24v.html,404,19 Jan 2026 (20:50 UTC)
https://brightai.site/blog,https://brightai.site/h/index.html,404,19 Jan 2026 (20:50 UTC)
https://brightai.site/blog,https://brightai.site/blogger/ai-consulting.html,404,19 Jan 2026 (20:50 UTC)
https://brightai.site/blog,https://brightai.site/blogger/tadbagat.html,404,19 Jan 2026 (20:50 UTC)
https://brightai.site/blog,https://brightai.site/article_2034.html,404,19 Jan 2026 (20:50 UTC)
https://brightai.site/blog.html,https://brightai.site/blogger/r24v.html,404,19 Jan 2026 (20:50 UTC)
https://brightai.site/blog.html,https://brightai.site/blogger/ai-consulting.html,404,19 Jan 2026 (20:50 UTC)
https://brightai.site/blog.html,https://brightai.site/blogger/tadbagat.html,404,19 Jan 2026 (20:50 UTC)
https://brightai.site/blog.html,https://brightai.site/article_2034.html,404,19 Jan 2026 (20:50 UTC)
https://brightai.site/blog.html,https://brightai.site/definitions.html,404,19 Jan 2026 (20:50 UTC)
https://brightai.site/blog.html,https://brightai.site/blogger/rc524.html,404,19 Jan 2026 (20:50 UTC)
https://brightai.site/blog.html,https://brightai.site/blogger/will-ai-change-job-future-saudi-arabia.html,404,19 Jan 2026 (20:50 UTC)
https://brightai.site/blog.html,https://brightai.site/data-benefits.html,404,19 Jan 2026 (20:50 UTC)
https://brightai.site/blog.html,https://brightai.site/blogger/anal.html,404,19 Jan 2026 (20:50 UTC)
https://brightai.site/blog.html,https://brightai.site/blogger/ai in soudi.html,404,19 Jan 2026 (20:50 UTC)
https://brightai.site/blog.html,https://brightai.site/article_3.html,404,19 Jan 2026 (20:50 UTC)
https://brightai.site/blog.html,https://brightai.site/blogger/moneyy.html,404,19 Jan 2026 (20:50 UTC)
https://brightai.site/blog.html,https://brightai.site/h/index.html,404,19 Jan 2026 (20:50 UTC)
https://brightai.site/blog.html,https://brightai.site/article_2.html,404,19 Jan 2026 (20:50 UTC)
https://brightai.site/blog.html,https://brightai.site/automation-benefits.html,404,19 Jan 2026 (20:50 UTC)
https://brightai.site/blogger/ production-line.html,https://brightai.site/cdn-cgi/l/email-protection,404,19 Jan 2026 (20:50 UTC)
https://brightai.site/blogger/ production-line.html,https://brightai.site/blogger/index.html,404,19 Jan 2026 (20:50 UTC)
https://brightai.site/blogger/ production-line.html,https://brightai.site/blogger/our-products.html,404,19 Jan 2026 (20:50 UTC)
https://brightai.site/blogger/ production-line.html,https://brightai.site/blogger/consultation.html,404,19 Jan 2026 (20:50 UTC)
https://brightai.site/blogger/ production-line.html,https://brightai.site/blogger/blog.html,404,19 Jan 2026 (20:50 UTC)
https://brightai.site/blogger/ production-line.html,https://brightai.site/blogger/smart-automation.html,404,19 Jan 2026 (20:50 UTC)
https://brightai.site/blogger/ production-line.html,https://brightai.site/blogger/Company performance monitoring tool.html,404,19 Jan 2026 (20:50 UTC)
https://brightai.site/blogger/1212344.html,https://brightai.site/blogger/index.html,404,19 Jan 2026 (20:50 UTC)
https://brightai.site/blogger/1212344.html,https://brightai.site/blogger/our-products.html,404,19 Jan 2026 (20:50 UTC)
https://brightai.site/blogger/1212344.html,https://brightai.site/blogger/consultation.html,404,19 Jan 2026 (20:50 UTC)
https://brightai.site/blogger/1212344.html,https://brightai.site/blogger/blog.html,404,19 Jan 2026 (20:50 UTC)
https://brightai.site/blogger/1212344.html,https://brightai.site/blogger/smart-automation.html,404,19 Jan 2026 (20:50 UTC)
https://brightai.site/blogger/1212344.html,https://brightai.site/blogger/Company performance monitoring tool.html,404,19 Jan 2026 (20:50 UTC)
https://brightai.site/blogger/3.html,https://brightai.site/blogger/index.html,404,19 Jan 2026 (20:50 UTC)
https://brightai.site/blogger/3.html,https://brightai.site/blogger/consultation.html,404,19 Jan 2026 (20:50 UTC)
https://brightai.site/blogger/3.html,https://brightai.site/blogger/blog.html,404,19 Jan 2026 (20:50 UTC)
https://brightai.site/blogger/3.html,https://brightai.site/blogger/Company performance monitoring tool.html,404,19 Jan 2026 (20:50 UTC)
https://brightai.site/blogger/3.html,https://brightai.site/blogger/smart-automation.html,404,19 Jan 2026 (20:50 UTC)
https://brightai.site/blogger/3.html,https://brightai.site/blogger/our-products.html,404,19 Jan 2026 (20:50 UTC)
https://brightai.site/blogger/4.html,https://brightai.site/blogger/Company performance monitoring tool.html,404,19 Jan 2026 (20:50 UTC)
https://brightai.site/blogger/4.html,https://brightai.site/blogger/smart-automation.html,404,19 Jan 2026 (20:50 UTC)
https://brightai.site/blogger/4.html,https://brightai.site/blogger/blog.html,404,19 Jan 2026 (20:50 UTC)
https://brightai.site/blogger/4.html,https://brightai.site/blogger/consultation.html,404,19 Jan 2026 (20:50 UTC)
https://brightai.site/blogger/4.html,https://brightai.site/blogger/index.html,404,19 Jan 2026 (20:50 UTC)
https://brightai.site/blogger/4.html,https://brightai.site/blogger/our-products.html,404,19 Jan 2026 (20:50 UTC)
https://brightai.site/blogger/6v5m.html,https://brightai.site/blogger/blog.html,404,19 Jan 2026 (20:50 UTC)
https://brightai.site/blogger/6v5m.html,https://brightai.site/blogger/our-products.html,404,19 Jan 2026 (20:50 UTC)
https://brightai.site/blogger/6v5m.html,https://brightai.site/blogger/Company performance monitoring tool.html,404,19 Jan 2026 (20:50 UTC)
https://brightai.site/blogger/6v5m.html,https://brightai.site/blogger/smart-automation.html,404,19 Jan 2026 (20:50 UTC)
https://brightai.site/blogger/6v5m.html,https://brightai.site/blogger/consultation.html,404,19 Jan 2026 (20:50 UTC)
https://brightai.site/blogger/6v5m.html,https://brightai.site/blogger/index.html,404,19 Jan 2026 (20:50 UTC)
https://brightai.site/blogger/Generative artificial intelligence.html,https://brightai.site/blogger/index.html,404,19 Jan 2026 (20:50 UTC)
https://brightai.site/blogger/Generative artificial intelligence.html,https://brightai.site/blogger/Company performance monitoring tool.html,404,19 Jan 2026 (20:50 UTC)
https://brightai.site/blogger/Generative artificial intelligence.html,https://brightai.site/blogger/smart-automation.html,404,19 Jan 2026 (20:50 UTC)
https://brightai.site/blogger/Generative artificial intelligence.html,https://brightai.site/cdn-cgi/l/email-protection,404,19 Jan 2026 (20:50 UTC)
https://brightai.site/blogger/Generative artificial intelligence.html,https://brightai.site/blogger/blog.html,404,19 Jan 2026 (20:50 UTC)
https://brightai.site/blogger/Generative artificial intelligence.html,https://brightai.site/blogger/consultation.html,404,19 Jan 2026 (20:50 UTC)
https://brightai.site/blogger/Generative artificial intelligence.html,https://brightai.site/blogger/our-products.html,404,19 Jan 2026 (20:50 UTC)
https://brightai.site/blogger/Generative-artificial-intelligence.html,https://brightai.site/blogger/consultation.html,404,19 Jan 2026 (20:50 UTC)
https://brightai.site/blogger/Generative-artificial-intelligence.html,https://brightai.site/cdn-cgi/l/email-protection,404,19 Jan 2026 (20:50 UTC)
https://brightai.site/blogger/Generative-artificial-intelligence.html,https://brightai.site/blogger/our-products.html,404,19 Jan 2026 (20:50 UTC)
https://brightai.site/blogger/Generative-artificial-intelligence.html,https://brightai.site/blogger/smart-automation.html,404,19 Jan 2026 (20:50 UTC)
https://brightai.site/blogger/agint-bblog.html,https://brightai.site/blogger/consultation.html,404,19 Jan 2026 (20:50 UTC)
https://brightai.site/blogger/agint-bblog.html,https://brightai.site/blogger/blog.html,404,19 Jan 2026 (20:50 UTC)
https://brightai.site/blogger/agint-bblog.html,https://brightai.site/blogger/our-products.html,404,19 Jan 2026 (20:50 UTC)
https://brightai.site/blogger/agint-bblog.html,https://brightai.site/blogger/Company performance monitoring tool.html,404,19 Jan 2026 (20:50 UTC)
https://brightai.site/blogger/agint-bblog.html,https://brightai.site/blogger/smart-automation.html,404,19 Jan 2026 (20:50 UTC)
https://brightai.site/blogger/agint-bblog.html,https://brightai.site/blogger/index.html,404,19 Jan 2026 (20:50 UTC)
https://brightai.site/blogger/ai-generative-content-industry-saudi-arabia.html,https://brightai.site/blogger/index.html,404,19 Jan 2026 (20:50 UTC)
https://brightai.site/blogger/ai-generative-content-industry-saudi-arabia.html,https://brightai.site/blogger/Company performance monitoring tool.html,404,19 Jan 2026 (20:50 UTC)
https://brightai.site/blogger/ai-generative-content-industry-saudi-arabia.html,https://brightai.site/blogger/our-products.html,404,19 Jan 2026 (20:50 UTC)
https://brightai.site/blogger/ai-generative-content-industry-saudi-arabia.html,https://brightai.site/blogger/consultation.html,404,19 Jan 2026 (20:50 UTC)
https://brightai.site/blogger/ai-generative-content-industry-saudi-arabia.html,https://brightai.site/blogger/smart-automation.html,404,19 Jan 2026 (20:50 UTC)
https://brightai.site/blogger/ai-generative-content-industry-saudi-arabia.html,https://brightai.site/blogger/blog.html,404,19 Jan 2026 (20:50 UTC)
https://brightai.site/blogger/ai.html,https://brightai.site/blogger/index.html,404,19 Jan 2026 (20:50 UTC)
https://brightai.site/blogger/ai.html,https://brightai.site/blogger/our-products.html,404,19 Jan 2026 (20:50 UTC)
https://brightai.site/blogger/ai.html,https://brightai.site/blogger/consultation.html,404,19 Jan 2026 (20:50 UTC)
https://brightai.site/blogger/ai.html,https://brightai.site/blogger/Company performance monitoring tool.html,404,19 Jan 2026 (20:50 UTC)
https://brightai.site/blogger/ai.html,https://brightai.site/blogger/smart-automation.html,404,19 Jan 2026 (20:50 UTC)
https://brightai.site/blogger/ai.html,https://brightai.site/cdn-cgi/l/email-protection,404,19 Jan 2026 (20:50 UTC)
https://brightai.site/blogger/ai.html,https://brightai.site/blogger/blog.html,404,19 Jan 2026 (20:50 UTC)
https://brightai.site/blogger/analysy.html,https://brightai.site/blogger/our-products.html,404,19 Jan 2026 (20:50 UTC)
https://brightai.site/blogger/analysy.html,https://brightai.site/blogger/Company performance monitoring tool.html,404,19 Jan 2026 (20:50 UTC)
https://brightai.site/blogger/analysy.html,https://brightai.site/blogger/smart-automation.html,404,19 Jan 2026 (20:50 UTC)
https://brightai.site/blogger/analysy.html,https://brightai.site/blogger/index.html,404,19 Jan 2026 (20:50 UTC)
https://brightai.site/blogger/analysy.html,https://brightai.site/cdn-cgi/l/email-protection,404,19 Jan 2026 (20:50 UTC)
https://brightai.site/blogger/analysy.html,https://brightai.site/blogger/consultation.html,404,19 Jan 2026 (20:50 UTC)
https://brightai.site/blogger/analysy.html,https://brightai.site/blogger/blog.html,404,19 Jan 2026 (20:50 UTC)
https://brightai.site/blogger/atou-job.html,https://brightai.site/blogger/smart-automation.html,404,19 Jan 2026 (20:50 UTC)
https://brightai.site/blogger/atou-job.html,https://brightai.site/blogger/index.html,404,19 Jan 2026 (20:50 UTC)
https://brightai.site/blogger/atou-job.html,https://brightai.site/blogger/our-products.html,404,19 Jan 2026 (20:50 UTC)
https://brightai.site/blogger/atou-job.html,https://brightai.site/blogger/consultation.html,404,19 Jan 2026 (20:50 UTC)
https://brightai.site/blogger/atou-job.html,https://brightai.site/blogger/blog.html,404,19 Jan 2026 (20:50 UTC)
https://brightai.site/blogger/atou-job.html,https://brightai.site/blogger/Company performance monitoring tool.html,404,19 Jan 2026 (20:50 UTC)
https://brightai.site/blogger/auto.html,https://brightai.site/blogger/our-products.html,404,19 Jan 2026 (20:50 UTC)
https://brightai.site/blogger/auto.html,https://brightai.site/blogger/index.html,404,19 Jan 2026 (20:50 UTC)
https://brightai.site/blogger/auto.html,https://brightai.site/blogger/consultation.html,404,19 Jan 2026 (20:50 UTC)
https://brightai.site/blogger/auto.html,https://brightai.site/blogger/blog.html,404,19 Jan 2026 (20:50 UTC)
https://brightai.site/blogger/auto.html,https://brightai.site/cdn-cgi/l/email-protection,404,19 Jan 2026 (20:50 UTC)
https://brightai.site/blogger/auto.html,https://brightai.site/blogger/smart-automation.html,404,19 Jan 2026 (20:50 UTC)
https://brightai.site/blogger/auto.html,https://brightai.site/blogger/Company performance monitoring tool.html,404,19 Jan 2026 (20:50 UTC)
https://brightai.site/blogger/case-study-saudi-companies-ai-agents-customer-service.html,https://brightai.site/blogger/Company performance monitoring tool.html,404,19 Jan 2026 (20:50 UTC)
https://brightai.site/blogger/case-study-saudi-companies-ai-agents-customer-service.html,https://brightai.site/blogger/smart-automation.html,404,19 Jan 2026 (20:50 UTC)
https://brightai.site/blogger/case-study-saudi-companies-ai-agents-customer-service.html,https://brightai.site/blogger/blog.html,404,19 Jan 2026 (20:50 UTC)
https://brightai.site/blogger/case-study-saudi-companies-ai-agents-customer-service.html,https://brightai.site/blogger/consultation.html,404,19 Jan 2026 (20:50 UTC)
https://brightai.site/blogger/case-study-saudi-companies-ai-agents-customer-service.html,https://brightai.site/blogger/our-products.html,404,19 Jan 2026 (20:50 UTC)
https://brightai.site/blogger/case-study-saudi-companies-ai-agents-customer-service.html,https://brightai.site/blogger/index.html,404,19 Jan 2026 (20:50 UTC)
https://brightai.site/blogger/description.html,https://brightai.site/cdn-cgi/l/email-protection,404,19 Jan 2026 (20:50 UTC)
https://brightai.site/blogger/description.html,https://brightai.site/blogger/our-products.html,404,19 Jan 2026 (20:50 UTC)
https://brightai.site/blogger/description.html,https://brightai.site/blogger/smart-automation.html,404,19 Jan 2026 (20:50 UTC)
https://brightai.site/blogger/description.html,https://brightai.site/blogger/consultation.html,404,19 Jan 2026 (20:50 UTC)
https://brightai.site/blogger/digital.html,https://brightai.site/blogger/blog.html,404,19 Jan 2026 (20:50 UTC)
https://brightai.site/blogger/digital.html,https://brightai.site/blogger/our-products.html,404,19 Jan 2026 (20:50 UTC)
https://brightai.site/blogger/digital.html,https://brightai.site/blogger/Company performance monitoring tool.html,404,19 Jan 2026 (20:50 UTC)
https://brightai.site/blogger/digital.html,https://brightai.site/blogger/smart-automation.html,404,19 Jan 2026 (20:50 UTC)
https://brightai.site/blogger/digital.html,https://brightai.site/blogger/consultation.html,404,19 Jan 2026 (20:50 UTC)
https://brightai.site/blogger/digital.html,https://brightai.site/blogger/index.html,404,19 Jan 2026 (20:50 UTC)
https://brightai.site/blogger/dxftt.html,https://brightai.site/blogger/Company performance monitoring tool.html,404,19 Jan 2026 (20:50 UTC)
https://brightai.site/blogger/dxftt.html,https://brightai.site/blogger/smart-automation.html,404,19 Jan 2026 (20:50 UTC)
https://brightai.site/blogger/dxftt.html,https://brightai.site/blogger/blog.html,404,19 Jan 2026 (20:50 UTC)
https://brightai.site/blogger/dxftt.html,https://brightai.site/blogger/consultation.html,404,19 Jan 2026 (20:50 UTC)
https://brightai.site/blogger/dxftt.html,https://brightai.site/blogger/our-products.html,404,19 Jan 2026 (20:50 UTC)
https://brightai.site/blogger/dxftt.html,https://brightai.site/blogger/index.html,404,19 Jan 2026 (20:50 UTC)
https://brightai.site/blogger/future-of-intelligent-data-analysis-finance-sector.html,https://brightai.site/blogger/Company performance monitoring tool.html,404,19 Jan 2026 (20:50 UTC)
https://brightai.site/blogger/future-of-intelligent-data-analysis-finance-sector.html,https://brightai.site/blogger/index.html,404,19 Jan 2026 (20:50 UTC)
https://brightai.site/blogger/future-of-intelligent-data-analysis-finance-sector.html,https://brightai.site/blogger/consultation.html,404,19 Jan 2026 (20:50 UTC)
https://brightai.site/blogger/future-of-intelligent-data-analysis-finance-sector.html,https://brightai.site/blogger/smart-automation.html,404,19 Jan 2026 (20:50 UTC)
https://brightai.site/blogger/future-of-intelligent-data-analysis-finance-sector.html,https://brightai.site/blogger/blog.html,404,19 Jan 2026 (20:50 UTC)
https://brightai.site/blogger/future-of-intelligent-data-analysis-finance-sector.html,https://brightai.site/blogger/our-products.html,404,19 Jan 2026 (20:50 UTC)
https://brightai.site/blogger/rcc.html,https://brightai.site/blogger/blog.html,404,19 Jan 2026 (20:50 UTC)
https://brightai.site/blogger/rcc.html,https://brightai.site/blogger/consultation.html,404,19 Jan 2026 (20:50 UTC)
https://brightai.site/blogger/rcc.html,https://brightai.site/blogger/index.html,404,19 Jan 2026 (20:50 UTC)
https://brightai.site/blogger/rcc.html,https://brightai.site/blogger/our-products.html,404,19 Jan 2026 (20:50 UTC)
https://brightai.site/blogger/rcc.html,https://brightai.site/blogger/Company performance monitoring tool.html,404,19 Jan 2026 (20:50 UTC)
https://brightai.site/blogger/rcc.html,https://brightai.site/blogger/smart-automation.html,404,19 Jan 2026 (20:50 UTC)
https://brightai.site/blogger/xsxd.html,https://brightai.site/blogger/Company performance monitoring tool.html,404,19 Jan 2026 (20:50 UTC)
https://brightai.site/blogger/xsxd.html,https://brightai.site/blogger/smart-automation.html,404,19 Jan 2026 (20:50 UTC)
https://brightai.site/blogger/xsxd.html,https://brightai.site/blogger/blog.html,404,19 Jan 2026 (20:50 UTC)
https://brightai.site/blogger/xsxd.html,https://brightai.site/blogger/consultation.html,404,19 Jan 2026 (20:50 UTC)
https://brightai.site/blogger/xsxd.html,https://brightai.site/blogger/our-products.html,404,19 Jan 2026 (20:50 UTC)
https://brightai.site/blogger/xsxd.html,https://brightai.site/blogger/index.html,404,19 Jan 2026 (20:50 UTC)
https://brightai.site/consultation.html,https://brightai.site/h/index.html,404,19 Jan 2026 (20:50 UTC)
https://brightai.site/consultation.html,https://brightai.site/cdn-cgi/l/email-protection,404,19 Jan 2026 (20:50 UTC)
https://brightai.site/consultingblog.html,https://brightai.site/cdn-cgi/l/email-protection,404,19 Jan 2026 (20:50 UTC)
https://brightai.site/contact.html,https://brightai.site/cdn-cgi/l/email-protection,404,19 Jan 2026 (20:50 UTC)
https://brightai.site/contact.html,https://brightai.site/h/index.html,404,19 Jan 2026 (20:50 UTC)
https://brightai.site/data-analysis.html,https://brightai.site/h/index.html,404,19 Jan 2026 (20:50 UTC)
https://brightai.site/data-analysis.html,https://brightai.site/cdn-cgi/l/email-protection,404,19 Jan 2026 (20:50 UTC)
https://brightai.site/h/projects/interview/index.html,https://brightai.site/cdn-cgi/l/email-protection,404,19 Jan 2026 (20:50 UTC)
https://brightai.site/health-bright.html,https://brightai.site/cdn-cgi/l/email-protection,404,19 Jan 2026 (20:50 UTC)
https://brightai.site/health-bright.html,https://brightai.site/h/index.html,404,19 Jan 2026 (20:50 UTC)
https://brightai.site/index.html,https://brightai.site/h/index.html,404,19 Jan 2026 (20:50 UTC)
https://brightai.site/index.html,https://brightai.site/botAI/Saudi tourism and heritage services/index.html,404,19 Jan 2026 (20:50 UTC)
https://brightai.site/index.html,https://brightai.site/cdn-cgi/l/email-protection,404,19 Jan 2026 (20:50 UTC)
https://brightai.site/index.html,https://brightai.site/docs.html,404,19 Jan 2026 (20:50 UTC)
https://brightai.site/our-products.html,https://brightai.site/cdn-cgi/l/email-protection,404,19 Jan 2026 (20:50 UTC)
https://brightai.site/our-products.html,https://brightai.site/h/index.html,404,19 Jan 2026 (20:50 UTC)
https://brightai.site/privacy-cookies.html,https://brightai.site/cdn-cgi/l/email-protection,404,19 Jan 2026 (20:50 UTC)
https://brightai.site/smart-automation.html,https://brightai.site/h/index.html,404,19 Jan 2026 (20:50 UTC)
https://brightai.site/smart-automation.html,https://brightai.site/cdn-cgi/l/email-protection,404,19 Jan 2026 (20:50 UTC)
https://brightai.site/tools.html,https://brightai.site/h/index.html,404,19 Jan 2026 (20:50 UTC)
https://brightai.site/tools.html,https://brightai.site/blog/ai-future-saudi.html,404,19 Jan 2026 (20:50 UTC)
https://brightai.site/tools.html,https://brightai.site/cdn-cgi/l/email-protection,404,19 Jan 2026 (20:50 UTC)
https://brightai.site/tools.html,https://brightai.site/blog/saudi-vision-2030-ai.html,404,19 Jan 2026 (20:50 UTC)
https://brightai.site/tools.html,https://brightai.site/blog/ai-business.html,404,19 Jan 2026 (20:50 UTC)
https://brightai.site/tools.html,https://brightai.site/blog/ai-education.html,404,19 Jan 2026 (20:50 UTC)
https://brightai.site/what-is-ai.html,https://brightai.site/cdn-cgi/l/email-protection,404,19 Jan 2026 (20:50 UTC)
https://brightai.site/what-is-ai.html,https://brightai.site/h/index.html,404,19 Jan 2026 (20:50 UTC)
